Are any commercial/residential buildings being renovated?,Are private security guards visible?,Census Tract,"Full Address of Block Face in Image #1 (Street Number, Street Name, City, State, Zip Code). E.g.: 2128 Oxford Street, Berkeley, CA, 94704.","Full Address of Block Face in Image #2 (Street Number, Street Name, City, State, Zip Code). E.g.: 2128 Oxford Street, Berkeley, CA, 94704.","Full Address of Block Face in Image #3 (Street Number, Street Name, City, State, Zip Code). E.g.: 2128 Oxford Street, Berkeley, CA, 94704.","Full Address of Block Face in Image #4 (Street Number, Street Name, City, State, Zip Code). E.g.: 2128 Oxford Street, Berkeley, CA, 94704.","Full Address of Block Face in Image #5 (Street Number, Street Name, City, State, Zip Code). E.g.: 2128 Oxford Street, Berkeley, CA, 94704.",Image #1,Image #1 coordinates,Image #2,Image #2 coordinates,Image #3,Image #3 coordinates,Image #4,Image #4 coordinates,Image #5,Image #5 coordinates,Is there a police officer visible? ,"Is there graffiti or evidence of graffiti that has been painted over on buildings, signs, or walls? (Questions 22-23)",What kinds of establishments are there on the block face? Select all that apply.
0,0,4028.0,"1633 San Pablo Ave, Oakland, CA","Touraine Hotel 1502-1583 Clay Street Oakland, CA",Cape & Cowl Restaurant.  1602 Clay Street Oakland CA,,,https://drive.google.com/open?id=1F2vSKuf4hRQz4j6AJqv4s5zm1O4FvM13,"[37.8431445, -122.283849]",https://drive.google.com/open?id=1Zd2LzopzPuDkTa5DaQ2PSVcaLt-ZoDIB,"(37.8087183, -122.2715003)",https://drive.google.com/open?id=1u9fX5SCo4VrxB0A3J-dH0ueIYPWcd9Bx,"(37.8087183, -122.2715003)",,,,,0,1,"Eating places/restaurants, Professional offices (doctor dentist lawyer accountant real estate)"
1,0,4229.0,"2150 Channing Way, Berkeley, CA, 94704","Channing Way and Shattuck Ave, Berkeley, CA, 94704","2344 Fulton St, Berkeley, CA, 94704","Channing Way and Fulton St, Berkeley, CA, 94704","2121 Channing Way, Berkeley, CA, 94704",https://drive.google.com/open?id=1t7Cm2UkrM467FxsdfYNLc980RShLq1J2,"[37.8658887573699, -122.266275305354]",https://drive.google.com/open?id=1-Kz4-Fbk5G7w39A1Vwu6nMLzvYKMJFGM,"(37.8678899, -122.269247)",https://drive.google.com/open?id=1zjA9f2t64BX0MA9Taz4foCWXRD9LvG2C,"[37.8666288180719, -122.265876910725]",https://drive.google.com/open?id=1ZGfWt-nuNBqy_m9wLT_QvnDlrJEviI5W,"(37.8678899, -122.269247)",https://drive.google.com/open?id=1f2JyD7z6fSZCO6vqtIlaWvdVyn-i5ZsW,"[37.866019739311, -122.266542125136]",0,1,"Eating places/restaurants, Professional offices (doctor dentist lawyer accountant real estate)"
0,0,4006.0,5634 Shattuck Ave. ,5699 Shattuck Ave. ,608 Shattuck Ave. ,,,https://drive.google.com/open?id=1K2U0ccdwjWB5MMC9bbNyA0bJlCxCE7UB,"(37.8419909, -122.2648882)",https://drive.google.com/open?id=1ON0rVTsybNXEBRBYR5JPrYhdot7_MYP4,"(37.8419909, -122.2648882)",https://drive.google.com/open?id=13vvO_O3GiEu0rzlrpIhbiMHz_bRZsb-9,"[35.130098959596, -119.460902121212]",,,,,1,1,Liquor stores or Marijuana Dispensaries
1,0,4224.0,"2067 University Ave, Berkeley, CA, 94704.","2067-2071 University Ave, Berkeley, CA, 94704.","2011 Berkeley Way, Berkeley, CA, 94704.","2016 Berkeley Way, Berkeley, CA, 94704.","2005 Berkeley Way, Berkeley, CA, 94704.",https://drive.google.com/open?id=1bC5tf0RrhU8ucWutTbwSA8Cbs91ePyhx,"[37.8720195886659, -122.269816641442]",https://drive.google.com/open?id=1lq2-AA8zbS9USxwmhTY_sdSbcBM5wPhu,"[37.8720195886659, -122.269816641442]",https://drive.google.com/open?id=1XZ7O9Iv-vJlp0KGiAO9DNACW2kGHMSwe,"[37.8728409227947, -122.270248811613]",https://drive.google.com/open?id=1xAhyRXCveyHCQLoWGKEjyEzODs2v7vjx,"[37.8726479989409, -122.2704598844]",https://drive.google.com/open?id=1IRztM7ZX4HzLNUhHrLboa2Uy1m-Xr8uo,"[37.8728723, -122.2704417]",0,0,"Bars and alcoholic beverage services, Eating places/restaurants, Fast food or take-out places, Liquor stores or Marijuana Dispensaries, Warehouses"
0,0,4031.0,"535 8th St, Oakland, CA, 94607","517 8th St, Oakland, CA, 94607","530 8th St, Oakland, CA, 94607","810 Clay St, Oakland, CA 94607","512 8th St, Oakland, CA 94607",https://drive.google.com/open?id=1DAEeW4g8askpmgbaR8JXlkYzaij7yJQK,"[37.7964811, -122.2644011]",https://drive.google.com/open?id=1HNYxCgjW-eQQqQFPjCzhG1YltpIexWgK,"[37.7964811, -122.2644011]",https://drive.google.com/open?id=1kyhPjq_yANAlj951QKecJ-pAWMKWi3Go,"[37.8009167156494, -122.275402395618]",https://drive.google.com/open?id=147w7g4FMLP4X8cjC-QxD-xVE8Yk_I9Wb,"[37.801272625156, -122.276025874901]",https://drive.google.com/open?id=177FjcfjP9mOJx7GkLWvsjwh9AKG7GfjX,"[37.8008494265101, -122.275235462283]",0,1,"Bodega deli corner-store convenience store, Eating places/restaurants, Payday lenders check cashers or pawn shops, Supermarkets/grocery stores"
1,1,4239.01,"3033 Shattuck Ave, Berkeley, CA 94705","3045 Shattuck Ave, Berkeley, CA 94705","3051 Shattuck Ave, Berkeley, CA 94705","3028 Shattuck Ave, Berkeley, CA 94705","3040 Shattuck Ave, Berkeley, CA 92405",https://drive.google.com/open?id=1J7FBN9UWvZIhi2aFFG18yyqbJgDqFozu,"[37.8540256666667, -122.266213]",https://drive.google.com/open?id=1CSHGT6G4TayqlTNRyS4JhmTgJrTEMWrf,"[37.8536801, -122.266042711164]",https://drive.google.com/open?id=12aeAsa3F1uLPsasS1ppCikxJ5ax_s85V,"[37.8536181290323, -122.266159419355]",https://drive.google.com/open?id=1UxrYJd9YcdFyLSvxUa_FhYGOwPBvsj3k,"[37.8541573333333, -122.266228]",https://drive.google.com/open?id=1fpi2WbAMu9LVXLBEzs0sIlDrvWl8YNCZ,"[37.8537052419355, -122.26617166129]",0,0,"Bars and alcoholic beverage services, Professional offices (doctor dentist lawyer accountant real estate)"
0,0,4027.0,"2174 Brush St  Oakland, California  94612","2174 Brush St  Oakland, California  94612","2174 Brush St  Oakland, California  94612","2174 Brush St  Oakland, California  94612","2174 Brush St  Oakland, California  94612",https://drive.google.com/open?id=1E4SxFgUUjtaRxjKp01bKNctUwvI2GfOf,"[37.8121013877551, -122.275144755102]",https://drive.google.com/open?id=1VrNGa3B4pUpf8YzwbY1khaTLUdb7qkPs,"[37.8121013877551, -122.275144755102]",https://drive.google.com/open?id=1bs0bU6-uBOcO4dlRqlYxgFm5z8vH5Qju,"[37.8121013877551, -122.275144755102]",https://drive.google.com/open?id=1apZxUe144jLiZ0q-W68E9idAsfPw4pE5,"[37.8121013877551, -122.275144755102]",https://drive.google.com/open?id=1qs7c1Oc4cf6Vf7bb6Vg1ykohgX8IKku5,"[37.8121013877551, -122.275144755102]",0,1,"Bars and alcoholic beverage services, Bodega deli corner-store convenience store, Liquor stores or Marijuana Dispensaries, Manufacturing, Warehouses"
1,0,4014.0,"3236 Market St, Oakland, CA 94608","3233 Market st. Oakland, CA 94609","3233 Market st. Oakland, CA 94609","3233 Market St. Oakland, CA 94609","3208 Market St. Oakland, CA, 94608",https://drive.google.com/open?id=15opG7RDvlqB_NgV3lwquv96t5rMeYY9m,"[37.8227219183673, -122.275805489796]",https://drive.google.com/open?id=1joHLdYLrug5Au5-Y-f2TIp8RboB9rBqU,"[37.8227030918367, -122.27581044898]",https://drive.google.com/open?id=1Bmi7gdFufMI8IiXvjwFvqYmlC9C_GA3o,"[37.8227030918367, -122.27581044898]",https://drive.google.com/open?id=1Vx_AGyutH115vwcdZNqYLUawPxQt5uWX,"[37.8227030918367, -122.27581044898]",https://drive.google.com/open?id=1E03N6JmEN1i8NSsQ4JCCRIBvtSjskCMp,"[37.8225462040816, -122.27585177551]",1,1,"Community center, Playgrounds"
0,0,4239.01,"2001 Emerson St Berkeley, CA 94703","2001 Emerson St Berkeley, CA 94703","2001 Emerson St Berkeley, CA 94703",,,https://drive.google.com/open?id=1yW4Qijl3MLszoxDCzQLBxbjRsgAwunAB,"[37.854305, -122.269028]",https://drive.google.com/open?id=1j_sjRjbQrF8FvRCp46RTd8JDmg-UZbSv,"[37.854305, -122.269028]",https://drive.google.com/open?id=1QaARrMumfYKbdY1DbEURAokx4qDyljiR,"[37.854305, -122.269028]",,,,,0,1,"Gas station, Liquor stores or Marijuana Dispensaries"
0,0,4239.01,,,,"2022 Woolsey Street, Berkeley, CA, 94703",,https://drive.google.com/open?id=1GK9JXOqR5XURyC-dLRk2L3QKB9U4k0ON,"(37.8523001, -122.2675177)",https://drive.google.com/open?id=1y1mRh2veOh8IeFUD70SG9O-i8ElUrM8S,"(37.8523001, -122.2675177)",https://drive.google.com/open?id=1S88BYfijn04v5Kf6TTenBzqIxEW5bEkY,"(37.8523001, -122.2675177)",https://drive.google.com/open?id=1Kl5iscCxZuqMCI9T2TYu1xyK9ElqQtbW,"[37.8522002682914, -122.266952668302]",,,0,1,
1,1,4229.0,"2033 Centre Street, Berkeley, CA 94704","2160 Shattuck Ave, Berkeley, CA 94704","2180 Milvia St, Berkeley, CA 94704","2160 Shattuck Ave, Berkeley, CA 94704",,https://drive.google.com/open?id=1Zy4jfsaAfmYetUyW13ofXS-gWyMl_DnE,"[37.8701696926423, -122.269715048698]",https://drive.google.com/open?id=1kba5oX9iV7XJ4vtQC87BaMMuEmdNSGEv,"[37.8701032, -122.268136572251]",https://drive.google.com/open?id=1TfwP8f8dia7ufVRlt5o7-SzQejSOv1x-,"[37.8694472, -122.270795144079]",https://drive.google.com/open?id=11pnu5NtPE6UtGcJZih7MEH8XcldDxeQE,"[37.8701032, -122.268136572251]",,,0,0,"Banks or credit unions, Bars and alcoholic beverage services, Community center, Eating places/restaurants, Liquor stores or Marijuana Dispensaries, Public library, Post office, Schools or daycare centers, Supermarkets/grocery stores"
1,0,4028.0," 21st Street, Oakland, CA, 94607"," 21st Street, Oakland, CA, 94607"," 21st Street, Oakland, CA, 94607"," 21st Street, Oakland, CA, 94607"," 21st Street, Oakland, CA, 94607",https://drive.google.com/open?id=1ixUrnmxxv0yOWIoT3kFjrL8WkarCIQDE,"[37.8044557, -122.2713563]",https://drive.google.com/open?id=10peHEHugb16HYonuT_Hx0U2ooy9v44o_,"[37.8044557, -122.2713563]",https://drive.google.com/open?id=1ponpfuZHZ__n424Ap_X92s0SbkFYxLYa,"[37.8044557, -122.2713563]",https://drive.google.com/open?id=1dGHHgHdbw2tMMj4GMgrbHJ76AMjCiySR,"[37.8044557, -122.2713563]",https://drive.google.com/open?id=1Jp3whgPNrVMLONVsO4_eSKq3RsU_wawD,"[37.8044557, -122.2713563]",0,1,"Community center, Warehouses"
0,0,4203.0,"943 Jackson Street, Albany, CA, 94706",,"909 Jackson Street, Albany, CA, 94706",,,https://drive.google.com/open?id=1d4ZNZPsaQ6YRtRSC-UT-SMK0zYdUWY6s,"[37.8888951428571, -122.301228142857]",https://drive.google.com/open?id=1ZdUD6pLz79df_mtjoJPV1q5nYfHw3ZcG,"(37.8906102, -122.3182668)",https://drive.google.com/open?id=1HE04oe-pwyQQfyLBecXM8zY2Ss-aEF4t,"[37.8895369795918, -122.301427979592]",,,,,0,0,
0,0,4005.0,"765-725 65th St Oakland, CA 94609","700-726 65th St Oakland, CA 94609","700-726 65th St Oakland, CA 94609","765-725 65th St Oakland, CA 94609","700-726 65th St Oakland, CA 94609",https://drive.google.com/open?id=1CBfKktK-lNH4tkPNECQFFg_REQh3E6-F,"(37.8485167, -122.2647445)",https://drive.google.com/open?id=1_A_ABrRRucPQbPXENOVFcEJy4omdZT_M,"(37.8485167, -122.2647445)",https://drive.google.com/open?id=1zgoSfkBDnCHOG0nR9LJIg5syjJDAF3bG,"(37.8485167, -122.2647445)",https://drive.google.com/open?id=1cK2am2Bw0Nz_cfHiOuwFnHj83yXJqHjS,"(37.8485167, -122.2647445)",https://drive.google.com/open?id=152817s_AcTQYSCp0QMB18Ikg02j0Iyxo,"(37.8485167, -122.2647445)",0,0,
0,1,4217.0,"1480 Shattuck Ave, Berkeley, CA 94709","1444 Shattuck Pl, Berkeley, CA 94709","1480 Shattuck Ave, Berkeley, CA 94709",,,https://drive.google.com/open?id=1V4tmPwWKMhN-i9UP5ins4TQ2FbJ25O47,"[37.8803948, -122.2695509]",https://drive.google.com/open?id=1pgHgmAoIZUp8NjYG40AJdZwcxIAwlHZC,"[37.8809073, -122.2696792]",https://drive.google.com/open?id=1bqkri8R37xQTZcTjPbm_j1niBltIuX7_,"[37.8803948, -122.2695509]",,,,,0,0,Supermarkets/grocery stores
0,0,4203.0,"Jackson Street, Albany, CA 94706","Jackson Street, Albany, CA 94706","Jackson Street, Albany, CA 94706","Jackson Street, Albany, CA 94706","Jackson Street, Albany, CA 94706",https://drive.google.com/open?id=1Oyf6uxl4a_dvAiMi7_n1YLTF8WqoiAgu,"[37.8835598, -122.2999737]",https://drive.google.com/open?id=19wKFgXCpWfHk9b2uobhyNoZNTGwjlDrJ,"[37.8835598, -122.2999737]",https://drive.google.com/open?id=1Yv8AAE9RYn2GoBjfPYkrvVe7GlQF0CDW,"[37.8835598, -122.2999737]",https://drive.google.com/open?id=1-wf96MoH3hxQ4tpTNA-ITReWwvplqnR_,"[37.8835598, -122.2999737]",https://drive.google.com/open?id=14TPv3e1A7WhwYiansIvZurclYYcTwRj7,"[37.8835598, -122.2999737]",0,0,Schools or daycare centers
0,0,4206.0," 1001 Santa Fe Ave, Albany, CA 94706"," 1001 Santa Fe Ave, Albany, CA 94706","Tevlin St, Albany, CA 94706","Albany, CA 94706902 Santa Fe","Tevlin St, Albany, CA 94706",https://drive.google.com/open?id=13OSC29IA4bFSwTSnlfZyAg6ZfHedhYDw,"[37.888418, -122.288236]",https://drive.google.com/open?id=1tDQfG1N3bELgumG-MAzBb68rtyiHarzI,"[37.888418, -122.288236]",https://drive.google.com/open?id=1ZQ6g2YSuIF38EgP20giC2Rlh2sBb0WyV,"[37.8865538, -122.2862347]",https://drive.google.com/open?id=1x7LdnaHfBdZGK2hHieA3TAFjPuskBHeB,"[37.8889554, -122.2882017]",https://drive.google.com/open?id=1Uzahfa5I2Hq8M26CmA5X71QEo-pBevOh,"[37.8865538, -122.2862347]",0,0,"Parks, Playgrounds, Schools or daycare centers"
1,0,4030.0,"1000 Broadway #5000, Oakland, CA 94607","1000 Broadway, Oakland, CA 94607","1000 Broadway #5000, Oakland, CA 94607 (corner or Broadway and 11th)","1000 Broadway #435, Oakland, CA 94607","988 Broadway, Oakland, CA 94607",https://drive.google.com/open?id=1xOMxDNzIiBsq9qvSH22DHCHw-cBw_E_e,"(37.8004265, -122.270732)",https://drive.google.com/open?id=1lyiwYAFCiqkwlKmOo557t12B31ocX3T6,"[37.8017983, -122.2724448]",https://drive.google.com/open?id=1_qDuLYrcv7xkMimuV0ZUh4eLHrfMnWTt,"(37.8004265, -122.270732)",https://drive.google.com/open?id=167k0dJGGIVP8QkcflQI1JY7GVxMd8v5s,"(37.8004265, -122.270732)",https://drive.google.com/open?id=1GxTU5Ku5MdF2d7cxdZ_rTe9-_0W1mrR7,"[37.80107175, -122.27290728265]",0,0,"Banks or credit unions, Community center, Eating places/restaurants, Fast food or take-out places, Schools or daycare centers"
0,0,4007.0,"5417 Genoa Street, Oakland CA, 94608","5401 Genoa Street, Oakland CA, 94608","5401 Genoa Street, Oakland CA, 94608","5417 Genoa Street, Oakland CA, 94608","852 55th Street, Oakland CA, 94608",https://drive.google.com/open?id=1ZNui1Tr4WKNRNhAjImuF85HxnjAL_dub,"[37.8388597838474, -122.271710102164]",https://drive.google.com/open?id=1G-9PPPIrjn-GHIPQ278ER7zpclnS9UKs,"[37.83876, -122.27169]",https://drive.google.com/open?id=1m5612PBCn3PVYlknEb8hVnoWPnI8IW0c,"[37.83876, -122.27169]",https://drive.google.com/open?id=1IgVi15OKhLA36eO_lgZENFBg6gSllYQD,"[37.8388597838474, -122.271710102164]",https://drive.google.com/open?id=1bAedGZtOx9UKe3qe9o_DTNwIIMDgvvlu,"[37.8396310384707, -122.271994332925]",0,0,
0,0,4027.0,"819 St., Oakland, CA, ","1936 West St., Oakland, CA 94607","812 20th St., Oakland, CA","858 20th St., Oakland, CA 94607",,https://drive.google.com/open?id=1Zy0My4U118vLre944Z2_Cw-trROWh6ey,"[44.4563559, -64.3575352806024]",https://drive.google.com/open?id=1o9wDVNwZPIlS9XGtrgflB9BwQg1RSK0F,"[37.811115768889, -122.277216633444]",https://drive.google.com/open?id=1RpV-9_tMNlU6Wku2Bg3LFnJM0LwlI_6S,"[37.8117458, -122.2773832]",https://drive.google.com/open?id=1QgpwXvzznmJeKfo1m5NFD2wO_uzF04A_,"[37.8121296431387, -122.278383939745]",,,0,1,
1,0,4204.0,1198 Garfield Ave Albany CA 94706,1190 Garfield Ave Albany CA 94706,1153 Garfield Ave Albany CA 94706,,,https://drive.google.com/open?id=1SU00i-D4xkZbL-c81q6vwpl0COrj-zCn,"[37.895475, -122.298045]",https://drive.google.com/open?id=1QA5nVNCl1MB-kN-4i7c7-saBtnwxqF-Y,"[37.8954600770572, -122.298117186363]",https://drive.google.com/open?id=1xXV9XAi11ihP1ktV6c-ZDSsYjIUMlVKb,"[37.8955509501496, -122.298512110042]",,,,,0,0,Parks
1,0,4235.0,"2701 Shattuck Ave Berkeley, CA 94705","2125-2101 Derby St Berkeley, CA 94705","2721 Shattuck Ave, Berkeley CA 94705","2700 Shattuck Ave, Berkeley CA 94705","2655 Shattuck Ave Berkeley, CA 94704",https://drive.google.com/open?id=1PYGbOwFcaIGgqrcypt6QjPjBefTCM96p,"[37.8582460939597, -122.266743181208]",https://drive.google.com/open?id=193oLc3BGT4zo6nIo5jqRxN1eCIm7I4wb,"(37.859365, -122.2680467)",https://drive.google.com/open?id=1gE-pDvHWN4kY1hMy3sSPnrRq5nlgUU-X,"[37.8582275033557, -122.266740899329]",https://drive.google.com/open?id=1o25MlgucIai2wvl0W3eWpEmOOxc_1OBO,"[37.860224, -122.26728]",https://drive.google.com/open?id=1UGehBbTpBgCkNb84aiXu_Ml44rjPyFw9,"[37.8729527, -122.2684812]",0,0,Chain retail stores
1,0,4007.0,"6002 Martin Luther King Jr Way, Oakland, CA, 94609","722 61st St, Oakland, CA, 94609","708 60th St, Oakland, CA, 94609","740 60th St, Oakland, CA, 94609","766 60th St, Oakland, CA, 94609",https://drive.google.com/open?id=1-rKpkSfiRyxJXWI6svNMA8c0tyzaosEi,"(37.8417578, -122.2723135)",https://drive.google.com/open?id=1kOZok_s3_nXA2cmrnK_DiiZYYaLBslby,"[37.846368945708, -122.269203588716]",https://drive.google.com/open?id=1XlZ6db0YdgJhUqSFJzFUVgVpQuQJnWs_,"[37.8455132950346, -122.268707174414]",https://drive.google.com/open?id=1d0rk98Xp1GzLjwb1yeLmbJbJc4DM7H61,"[37.845426548263, -122.269375881554]",https://drive.google.com/open?id=1gX1Z9ze9DQNMaHw-djEFJ-0OQT2eJ7k4,"[37.8453560909265, -122.269919209273]",0,0,
1,0,4201.0,"615 San Carlos Ave, Albany, CA 94706","610 San Carlos Ave, Albany, CA, 94706","606 San Carlos Ave, Albany, CA, 94706","600 San Carlos Ave, Albany, A, 94706",,https://drive.google.com/open?id=1k56-U_UaZ5vvr9xXBiWcMutTvUIEwTua,"[37.896253975909, -122.289003085498]",https://drive.google.com/open?id=1hT4jDVw666CtFTW2YqefXltBS3q-RbE-,"[37.8963257988601, -122.289207913308]",https://drive.google.com/open?id=1vlMurLyNQfHjlkzcH9PRgO5Y-mDwaFff,"[37.8963914793161, -122.289204747985]",https://drive.google.com/open?id=1eig-VMTv7lLpGqdFzUQzSGvTpJldcAT_,"[37.89649, -122.2892]",,,0,0,
0,0,4204.0,"1080 Monroe St. Albany, CA 94706","1068 Monroe St. Albany, CA 94706","1068 Monroe St. Albany, CA 94706","1050 Monroe Street Albany, CA 94706","Monroe Av:10th St Albany, CA 94710",https://drive.google.com/open?id=1rFh9Z58twKJUsaACZG9dSMTJFp0E-DGh,"[37.8843807441279, -122.297840005731]",https://drive.google.com/open?id=1s1cdEBQZ06u3yeujy3fr091QFb2Xmotn,"[37.884272, -122.298408]",https://drive.google.com/open?id=1lpjh1tfguTo2VQXiH-5vQ1bqwqurkys2,"[37.884272, -122.298408]",https://drive.google.com/open?id=1YatFTPW4ne7bqgR3n37zj7PsQNi5b-MB,"[37.8842042112848, -122.298749515144]",https://drive.google.com/open?id=1y_jXRf696nC2AvMTbODGDv28Z2gGXTWF,"[37.884267, -122.2985151]",0,1,"Community center, Eating places/restaurants, Fast food or take-out places, Parks, Playgrounds, Schools or daycare centers, Supermarkets/grocery stores, Warehouses"
0,0,4201.0,"603 Key Rte Blvd, Albany, CA 94706","1331 Thousand Oaks Blvd Albany, CA 94706"," 1325 Portland Ave, Albany, CA 94706","1343 Thousand Oaks Blvd, Albany, CA 94706","522 Carmel Ave Albany, CA 94706",https://drive.google.com/open?id=1i3zYr6DicvylOkn5hysd6LFRMs4CgTHC,"[37.897482125, -122.2929625]",https://drive.google.com/open?id=1Vd_tLysrqJ6A-9apq8ZsjUWhWZ38AhKy,"[37.8967454774233, -122.290992493489]",https://drive.google.com/open?id=1UPVLY6RpuqtYK1JSGK6GUyjjW_gHorJc,"[37.89559215, -122.290822536266]",https://drive.google.com/open?id=1E8anvwKpm5R8pL3yMarskdvhFkpLt0BC,"[37.8967325251329, -122.290578904784]",https://drive.google.com/open?id=1-gLYIhIiR6CJfZMC-VFJrtsCtu5DKXas,"[37.8974950863624, -122.289992987122]",0,1,"Parks, Schools or daycare centers"
0,0,4031.0,"8th and Broadway, Oakland, CA, 94607","8th and Broadway, Oakland, CA, 94607","8th and Broadway, Oakland, CA, 94607","8th and Washington, Oakland, CA, 94607","801 Broadway, Oakland, CA, 94607",https://drive.google.com/open?id=1_Xb6npv5dCTUZyci3YVejMpLXYt4XUvY,"[37.795215375, -122.2768425625]",https://drive.google.com/open?id=1B672E19J-3blrvqhNyAX341Rc8tghbqL,"[37.795215375, -122.2768425625]",https://drive.google.com/open?id=1RBk2-kSOiQYSDzd1hhBfTkgqwSuhWwG-,"[37.795215375, -122.2768425625]",https://drive.google.com/open?id=18jya26IeD2qW7zDKlTnF5hbPHPz4E20v,"[37.7958773673737, -122.277921361207]",https://drive.google.com/open?id=1bZtkPRDSZCYKvRAxyNCZBj2IPEPpCNwE,"[37.800381, -122.273888]",0,0,"Bars and alcoholic beverage services, Eating places/restaurants"
0,0,4030.0,"704 Broadway #202, Oakland, CA 94607","722 Broadway, Oakland, CA 94607","722 Broadway, Oakland, CA 94607","722 Broadway, Oakland, CA 94607",,https://drive.google.com/open?id=1gLgC1blg2mmd2TlkXl2yqZlI82u4OAKw,"(37.8004265, -122.270732)",https://drive.google.com/open?id=1iQADBebrWnJnPjqreCkAvY-44pKh1NTk,"[37.7997220929327, -122.274044720202]",https://drive.google.com/open?id=1IbzZwk_FrTXEMSSF94RWUHkGmOTj4BIN,"[37.7997220929327, -122.274044720202]",https://drive.google.com/open?id=1RB4cU3Egc-1r3TNJEZrSBV73Yi4aVFbH,"[37.7997220929327, -122.274044720202]",,,0,1,Professional offices (doctor dentist lawyer accountant real estate)
0,0,4033.0,"184 10th Street, Oakland, CA","184 10th Street, Oakland, CA","151 10th Street, Oakland, CA",,,https://drive.google.com/open?id=10h5F8Rmn-HMspaKNzuh96aJOX-6gTbPX,"[37.7985819897959, -122.265595163265]",https://drive.google.com/open?id=1BehxPU-JHqsN_z_toEQspI1SMh-P9ee5,"[37.7985819897959, -122.265595163265]",https://drive.google.com/open?id=1oBFqTypIjFOnzmzjDesdCXQtQTA48KTK,"[37.7984543673469, -122.265294122449]",,,,,0,0,"Auto repair/auto body shop, Liquor stores or Marijuana Dispensaries"
0,0,4205.0,"1009 Kains Avenue, Albany, CA 94706","1017 Kains Avenue, Albany, CA 94706","1002 Kains Avenue, Albany, CA 94706",,,https://drive.google.com/open?id=1php9GYfSMr1BO2vbyeZ2LDPBjuZd18dR,"[37.8865010290456, -122.296696782563]",https://drive.google.com/open?id=1FhNSoFMeGjsGjQPIYsoe7bR8TNCG7fOr,"[37.8862900580912, -122.296627565127]",https://drive.google.com/open?id=1AXyK3s5QKdwgR0rOAHmYUHOrGvoGBFby,"[37.8866182457903, -122.296950730685]",,,,,0,0,
0,0,4213.0,"1900 Hopkins St, Berkeley, CA, 94707","1198 Josephine St, Berkeley, CA, 94707","1900 Hopkins St, Berkeley, CA, 94707","1170 The Alameda, Berkeley, CA, 94707","1850 Sonoma Ave, Berkeley, CA, 94707",https://drive.google.com/open?id=1QodcBBMUydZI5dRD0UzeAuwFP9hzfSFP,"[37.885301, -122.274867]",https://drive.google.com/open?id=1a9nf_CNK7uqR6LnQAhzxf4vXS8GTLJuC,"[37.88527, -122.275803]",https://drive.google.com/open?id=1FbZvtFHzinHvy-DjAIdYCDnvTNkTisLb,"[37.885301, -122.274867]",https://drive.google.com/open?id=1lX7BJFAiIX_wSlzEfbBNr6Yi5xPfgTWV,"[37.8854336, -122.275411300825]",https://drive.google.com/open?id=1eNrpa8ejKJLi6r1AFnzXQtEKaWXtCWZ_,"[37.8850761, -122.2759111]",0,0,"Bodega deli corner-store convenience store, Fire station, Gas station, Parks, Public library, Schools or daycare centers"
1,0,4229.0,"2124 Bancroft Way, Berkeley, CA 94704","2321 Shattuck Ave, Berkeley, CA 94704","2333 Shattuck Ave, Berkeley, CA 94704","2113 Durant Ave, Berkeley, CA 94704",,https://drive.google.com/open?id=1tVppOOGOEsE1g4HdIP1Pzwhpw3UaS7od,"[37.867599, -122.267258]",https://drive.google.com/open?id=1nWmYxYWfOa1Y3vzjWTuDpBdvHDpN4FR3,"[37.8672231204434, -122.26772462002]",https://drive.google.com/open?id=1q_HUf7M-FsMB1jcryG8dt5tG3NrzI4QG,"[37.8670654391399, -122.267704217634]",https://drive.google.com/open?id=1x7pf31hzkbVIMfaPU_4i2tUI2uCvWwtA,"[37.8667518421053, -122.266783157895]",,,0,0,"Banks or credit unions, Bars and alcoholic beverage services, Eating places/restaurants"
1,0,4213.0,"870 Peralta Ave, Berkeley, CA 94707","1553 Solano Ave, Berkeley, CA 94707","863 Neilson St, Berkeley, CA, 94707","821 Neilson St, Berkeley, CA 94707",,https://drive.google.com/open?id=19U9lUCfaGNNuyAdwjPNFfeWDp0PZ7DIy,"[37.8917981116592, -122.285836396195]",https://drive.google.com/open?id=1bXr-gtAEGjbuc3MDnTpgCbkTSjOLJq5d,"[37.8910680772757, -122.285985259165]",https://drive.google.com/open?id=1GR42XI9XK9Uom02SKFaRMXSQ4nxVrErR,"[37.89163744244, -122.286513772363]",https://drive.google.com/open?id=1_1xD1wIidMcnPsGpolSAr6sqA4DpTRQ6,"[37.8923111704176, -122.286485365867]",,,1,0,Eating places/restaurants
0,0,4202.0,"998 Ohlone Ave, Albany, CA 94706","301 Gooding Way Albany, CA 94706","900 Ohlone Ave Albany, CA 94706","Kinkead Way Albany, CA 94706","Jackson St Albany, CA 94706",https://drive.google.com/open?id=1nQcguvmxgmvKFYprt0KY64MrpwaxtKw4,"[37.885591, -122.300428]",https://drive.google.com/open?id=15RQLujLQvN2KVj8kBHrgKsznvg64nu8U,"[37.8844615, -122.3015535]",https://drive.google.com/open?id=1AVOQMTMdvoyoZarCG_mKiWtqExK1tU3n,"[37.8854398885486, -122.301077936104]",https://drive.google.com/open?id=142ReomPTn3NonWFSqPVpI3dreOlJXkvK,"[37.8841892, -122.3026891]",https://drive.google.com/open?id=1HXhCbdtmG7SNnEoM6pZdRSWn4d-t13HU,"[37.8835598, -122.2999737]",0,0,"Community center, Eating places/restaurants, Playgrounds"
0,0,4217.0,"1515 Shattuck Ave, Berkeley, CA 94704","2124 Vine St, Berkeley, CA 94704","1521 Walnut St, Berkeley, CA 94704","1517 Walnut St, Berkeley, CA 94704",,https://drive.google.com/open?id=1r8TCm6REYvC4ix1qOmWvN8T0qacTwWwf,"[37.8796544, -122.2690441]",https://drive.google.com/open?id=1GsFi0IGzjiFv8Cf5K852-9D2GeC_hJy1,"[37.8802403, -122.268318]",https://drive.google.com/open?id=10b9rtU10oUVzS0dPfE6u7T12IRQTHXJf,"[37.8798891426178, -122.26806357061]",https://drive.google.com/open?id=1onwIHB9SVdy_5j0jKxZE4KgNpbw2Qvkn,"[37.8799525350236, -122.26807026203]",,,0,0,"Bars and alcoholic beverage services, Chain retail stores, Eating places/restaurants, Post office, Professional offices (doctor dentist lawyer accountant real estate)"
0,0,4027.0,"1807 Martin Luther King Jr Wayï¼ŒOakland, CA","635-689 19th St, Oakland, CA","1830 Castro Street, Oakland, CA ","1812 Castro Street, Oakland, CA ","1872 Martin Luther King Way, Oakland, CA 94612",https://drive.google.com/open?id=1iXvsdUDnilzhBtJfqu1LMzcyYRsGvj1u,"(37.8103872, -122.2769914)",https://drive.google.com/open?id=1UOnJ3_AsCX9-ZsSQQ3U87gue0uJa5Qdi,"(37.8103872, -122.2769914)",https://drive.google.com/open?id=1XEflpcGkc68B7GV6xBfTatQeD0Sm1wJ2,"[37.8096855714286, -122.275176816327]",https://drive.google.com/open?id=1EIngViE7vogbQ7BABmrZPjK7frrrU7Gy,"[37.8097704285714, -122.275119326531]",https://drive.google.com/open?id=1CJXta4sTTWirf8n3uM0VR8krNUgjdWH9,"(37.8103872, -122.2769914)",0,1,
0,0,4010.0,"1000 Market Street, Oakland, CA, 94608","1000 Market Street, Oakland, CA, 94608","1000 Market Street, Oakland, CA, 94608",,,https://drive.google.com/open?id=1fKx3SRxYpjrpTJi-P-AiiiHfXig_yjuj,"[37.8444441, -122.2751641]",https://drive.google.com/open?id=10BDJmOi4fqyID3ydi1kAoi0ySbkDcCCu,"[37.8444441, -122.2751641]",https://drive.google.com/open?id=1sKpDs3pRV0DPWz5dW2GHFXls_WG5H0sO,"[37.8444441, -122.2751641]",,,,,0,1,
1,0,4005.0,576 63rd Street,594 63rd Street,6300 Shattuck Avenue,None,597 63rd street,https://drive.google.com/open?id=1DDDtscjIJAzPhKXm1oj_bIS7fZuw43mz,"(37.8485167, -122.2647445)",https://drive.google.com/open?id=1rKLK4SH6ojHfr7ZbCgrBGg1KyFzpEnAN,"(37.8485167, -122.2647445)",https://drive.google.com/open?id=1kfjLIhH05MW8NMJ8zbS5Id1vUcUCZHo9,"(37.8485167, -122.2647445)",https://drive.google.com/open?id=1eTUBgj_2ikM1LgclNIWx3oYzCLD4spAR,"[44.933143, 7.540121]",https://drive.google.com/open?id=1dPnXlOwIuICMos-hHT6z7dN6kLGwWx0d,"(37.8485167, -122.2647445)",0,0,
1,0,4005.0,"544 63rd street, Oakland, CA, 94609","548 63rd street, Oakland, CA, 94609","569 63rd street, Oakland, CA, 94609",Image of a house on the block with one of the worst yards,,https://drive.google.com/open?id=1I7zmNvYLGJZGIRn3q-6Aklq_l6w7djkA,"[37.84904, -122.262864]",https://drive.google.com/open?id=1HlED1ZAhYuqfWBsjzYblO7NGGGWXHW9K,"[37.8490143422947, -122.263056605375]",https://drive.google.com/open?id=1qCOj5IPwkkTXl1z36B9TrELbPscmNN4R,"[37.8487297353552, -122.263930197679]",https://drive.google.com/open?id=1F9XJExLWX9A6lICjJlRQvkdNIp012fA1,"(37.8485167, -122.2647445)",,,0,0,
0,0,4212.0,"2300 Marin Ave, Berkeley, CA 94708","900 Spruce St, Berkeley, CA 94707","898 Spruce St, Berkeley CA 94707","898 Spruce St, Berkeley CA 94707",,https://drive.google.com/open?id=1OaPDYtR341O-qLB8jV_ioZBVv1he0vrW,"[37.893145, -122.26755]",https://drive.google.com/open?id=103fJEc8pditvGzQp0_bQxk3eeVbGNS5s,"[37.8929323, -122.2677205]",https://drive.google.com/open?id=1_HVwGlGJ7RrQqt9kQm0Fz9IpY9PGGsR0,"[37.8931667, -122.2679442]",https://drive.google.com/open?id=10Xkvop1_rXurOhZQDntj0getznMKwh1Y,"[37.8931667, -122.2679442]",,,0,0,"Parks, Schools or daycare centers"
0,0,4027.0,"1505 West St Oakland, CA 94612","809 15th Street, Oakland, CA, 94607","809 15th Street, Oakland, CA, 94607","809 15th Street, Oakland, CA, 94607","820 15th St Oakland, CA 94607",https://drive.google.com/open?id=1LK3VZLQidNRh0bc_kUPdjsthDqdyk0lU,"[37.8084353566681, -122.279126934358]",https://drive.google.com/open?id=15WVRML96XtKK9qefzErX3Ua3cHRLv0mk,"[37.8085110007666, -122.279949391343]",https://drive.google.com/open?id=1wPA3wKkYaSEpkx3He8kA5pAzivzQEkH-,"[37.8085110007666, -122.279949391343]",https://drive.google.com/open?id=1IAvxxRNWv8aULx32VM4NpCA0UGfUzzYE,"[37.8085110007666, -122.279949391343]",https://drive.google.com/open?id=1PZRltjlxJ-aG3CR71qKEIchYL97JhGfX,"[37.8086238632237, -122.279769915955]",0,0,
1,0,4010.0,"934 41st Street, Oakland, CA, 94608","989 41st Street, Oakland, CA, 94608","964 41st Street, Oakland, CA, 94608","1000 41st Street, Oakland, CA, 94608","1000 41st Street, Oakland, CA, 94608",https://drive.google.com/open?id=1kWLo95-m5LNP3irHiBf6WeNSawaHQa7t,"[37.8318057950396, -122.274715366617]",https://drive.google.com/open?id=1A1KX4dyxQcqProifhAbhpiiIwgWBvpmW,"[37.8318423813677, -122.276123575366]",https://drive.google.com/open?id=1c_wx90BcJHw_0ZOzIdGC1H08N7QMvuCB,"[37.8319139165447, -122.275436635432]",https://drive.google.com/open?id=1wv-Oa4jYHElOnZn4VpLs77R8ME5tuVEn,"[37.83232, -122.277337]",https://drive.google.com/open?id=1tvCdojCHMTjPcFBKO2tAd49RAVIFIMSi,"[37.83232, -122.277337]",0,0,Professional offices (doctor dentist lawyer accountant real estate)
0,1,4028.0,"550 Fox Courts South 18th Street, Oakland, CA, 94612","~ 552 18th Street, Oakland, CA, 94612","530 18th St, Oakland, CA, 94612","555 18 St, Oakland, CA 94612",,https://drive.google.com/open?id=1--X3IERLpsSLoOKXwH6vDUFPPzILB9Or,"(37.8087183, -122.2715003)",https://drive.google.com/open?id=1l6lbjtn3iVsK0lQ2_BCHr5xLtl2WZYkU,"[37.8097064, -122.2765137]",https://drive.google.com/open?id=17-R2qBqqNtOJb5Tr94K83fBin9J-pzWF,"[37.8079236744261, -122.271813402555]",https://drive.google.com/open?id=1vI8bKQyybYMLx2sYCxvMTAydZbeR_XF4,"(37.8087183, -122.2715003)",,,0,1,Eating places/restaurants
0,0,4010.0,"675 44th St, Oakland, CA","737 44th St, Oakland CA","729 44th St, Oakland, CA",,,https://drive.google.com/open?id=14Zi7pZYEeE5_-g-Lk2FoloPzgilLbWHg,"[37.8329722350701, -122.268710584414]",https://drive.google.com/open?id=1ZjK54G04TYE_4PVGBSsV8wOsRexw-TwA,"[37.8330790140785, -122.269399386702]",https://drive.google.com/open?id=1vjd6UN7ivaf__uQGAdtGt57WSuI_On5e,"[37.8330656179583, -122.26931044855]",,,,,0,0,
0,0,4201.0,,,,,,https://drive.google.com/open?id=1Bk29OpfwsavlWOlSC0aEZKLprzz2yb7u,"(37.8947731, -122.2910214)",https://drive.google.com/open?id=1kPEBqDRijYVZcTubqp4jqKWvPPKRc3Fu,"(37.8947731, -122.2910214)",https://drive.google.com/open?id=1OdNRTRyx_VoDBIgGsWFxFrLJgxwa6uFX,"(37.8947731, -122.2910214)",https://drive.google.com/open?id=1L4A_JH9ISgrnfVgNcqUZ71sZB6m0i1F0,"(37.8947731, -122.2910214)",,,0,1,"Community center, Playgrounds, Schools or daycare centers"
0,0,4206.0,N/A (Curtis St),"N/A (Curtis St) - Address of Marin Elementary is 1001 Santa Fe Ave, Albany, CA 94706",N/A (Curtis St),N/A (Curtis St),,https://drive.google.com/open?id=1zSkGA2hTxWqbOZlaOl0l7XPuwyAPymTx,"[40.850112, -73.08208]",https://drive.google.com/open?id=1FjRmhl_Lg9T4s7YkWk5cQ_0s-L1DR_iM,"(37.8870336, -122.2870621)",https://drive.google.com/open?id=1hrm5rYJp9D551-eWlPgGkLXc7uJDjCp8,"[40.850112, -73.08208]",https://drive.google.com/open?id=1h4bQqNf4Z60ybzGl_BN7ZbNu80quHqYO,"[40.850112, -73.08208]",,,0,0,Schools or daycare centers
0,0,4224.0,"Deleware Street, Berkeley, CA 94704","Deleware Street, Berkeley, CA 94704","Deleware Street, Berkeley, CA 94704",,,https://drive.google.com/open?id=1o13bUdAZt3k9FDtoO4o9BxlFFFKQxqI9,"(37.8752396, -122.2695878)",https://drive.google.com/open?id=1t8fA8ZU55Y0785PX6KaCPRgmhp0GlaHV,"(37.8752396, -122.2695878)",https://drive.google.com/open?id=1pCtK6f-woINMzJ_N9hcck0YOnRrEZkkI,"(37.8752396, -122.2695878)",https://drive.google.com/open?id=1zv__wMm6NWzVsyT2IG4B0tf17HmEAYMD,"(37.8752396, -122.2695878)",,,0,0,Parks
1,0,4202.0,,,,,,https://drive.google.com/open?id=1EaeU-2GqfIHWo7f7-FEw8K-ry-PYTFj6,"(37.8944611, -122.2974624)",https://drive.google.com/open?id=1oLYd7Jg5REz4PvkjwdSeP5Z9BmrL2ZJC,"(37.8944611, -122.2974624)",https://drive.google.com/open?id=1r9KEUfg-G1697NRm4g6A1XR0gsXXXiSz,"(37.8944611, -122.2974624)",https://drive.google.com/open?id=1FVAhRkwpgvi-Ow_X6LHS-5ShMF7sGV3M,"(37.8944611, -122.2974624)",,,0,0,"Bodega deli corner-store convenience store, Eating places/restaurants"
0,0,4014.0,825 Brockhurst St. Emeryville CA 94608 ,Hoover Elementary School Emeryville CA 94608,"825 Brockhurst St. Emeryville,CA 94608"," 825 Brockhurst St. Emeryville,CA 94608"," 825 Brockhurst St. Emeryville,CA 94608",https://drive.google.com/open?id=1gJv2d6HVOUlBcwkUGlmrob92lr-qKeOv,"(37.8207387, -122.2733758)",https://drive.google.com/open?id=1FafHhL9Tje2iTx4LhdOxtZUGrCFi8j6_,"(37.8207387, -122.2733758)",https://drive.google.com/open?id=1hMQC-iqBKCYIQvf7TG92gV5QXstuynrc,"(37.8207387, -122.2733758)",https://drive.google.com/open?id=1ZYHuw0GjQahyvrF9qkB_xjzRhAxRkNXj,"(37.8207387, -122.2733758)",https://drive.google.com/open?id=1-LE6q-36aJ6LX5pnU3gOUJTVOm5z6nJ6,"(37.8207387, -122.2733758)",0,1,"Liquor stores or Marijuana Dispensaries, Playgrounds"
1,0,4202.0,"865 San Pablo Ave, Albany, CA, 94706","1115 Solano Ave, Albany, CA, 94706"," 801 San Pablo Ave, Albany, CA 94706"," 801 San Pablo Ave, Albany, CA 94706",,https://drive.google.com/open?id=15ZY8xsikZW_10CpGQLiw-fhdkbPa-fcX,"[37.8909659626678, -122.299382682687]",https://drive.google.com/open?id=1eKAVajml5Iygf-0zhrt9-xTtWyhaEguo,"[37.890459, -122.2982037]",https://drive.google.com/open?id=1_RMir8Ncph6XgSd0UC99tD1OwcU_dc3F,"[37.8921267857143, -122.299759928571]",https://drive.google.com/open?id=1Id40xpYrZwnzAQ6dBXXfaq3PX5HkF8XK,"[37.8921267857143, -122.299759928571]",,,0,0,"Banks or credit unions, Bars and alcoholic beverage services, Eating places/restaurants, Liquor stores or Marijuana Dispensaries, Professional offices (doctor dentist lawyer accountant real estate)"
0,0,4235.0," 2555 Shattuck Ave, Berkeley, CA 94704, USA","2116 Blake St, Berkeley, CA 94704, USA"," 2124 Blake St, Berkeley, CA 94704, USA",,,https://drive.google.com/open?id=1z83o-9GDg9VNfmVi95D1wzWHXvrNQc-I,"[37.8729527, -122.2684812]",https://drive.google.com/open?id=1cxo85HmMTTzD32v5VF605Yafenh8GJLD,"[37.8632322821905, -122.266746135665]",https://drive.google.com/open?id=1ysXrYYaZTkr71Af3cvifDC6FMWMreZ86,"[37.8631415148151, -122.26606307955]",,,,,0,1,Auto repair/auto body shop
0,0,4201.0,San Carlos Ave Albany Ca 94706	,San Carlos Ave Albany Ca 94706,San Carlos Ave Albany Ca 94706,,,https://drive.google.com/open?id=1CW1T6Pi0wnDoQmXEJuh_M_LL6ZaoF747,"[37.8948026, -122.2891356]",https://drive.google.com/open?id=1VKiXkFGZU3JrIesXMnAaJIj23fk_4pO_,"[37.8948026, -122.2891356]",https://drive.google.com/open?id=1poXZCv13SfIoob54JWSCwT4tLkYJjIYT,"[37.8948026, -122.2891356]",,,,,0,0,"Parks, Playgrounds"
0,0,4007.0,"5751 Market St, Oakland CA 94608","5909 Market St, Oakland CA 94608","5751 Adeline St, Oakland CA 94608","898 59th St, Oakland CA 94608",,https://drive.google.com/open?id=13pJ6X7Ge3HYJAfIIS5WfORcr5rJY3I9n,"[37.842433, -122.274835]",https://drive.google.com/open?id=1jm2gMr5zCNqu0bi4_znMpzuEYyQbQOqv,"[37.8439355306122, -122.275209387755]",https://drive.google.com/open?id=1G-aXDevwRq1z6mWIIM0gG-WP3PdSTZd0,"[37.8427823673469, -122.274058653061]",https://drive.google.com/open?id=1ygFOgsy4d028PSn47kpQWozvUISbNIAm,"[37.84392, -122.27478]",,,0,1,"Auto repair/auto body shop, Bodega deli corner-store convenience store, Eating places/restaurants, Liquor stores or Marijuana Dispensaries"
0,0,4030.0,"727 Webster Street, Oakland, CA, 94607"," 727 Webster Street, Oakland, CA, 94607","727 Webster Street, Oakland, CA, 94607",,,https://drive.google.com/open?id=1BfjrQUlJabEL4csCgbDGK9tyrh-caOg1,"[37.7988427524708, -122.271775558989]",https://drive.google.com/open?id=1g66-vSQg2OE0JyOUO5KocfzVYmsvVZDW,"[37.7988427524708, -122.271775558989]",https://drive.google.com/open?id=1Soql52cS3Bqvs3wR8-Bs1zCtA2hmvymo,"[37.7988427524708, -122.271775558989]",,,,,1,1,"Banks or credit unions, Eating places/restaurants, Supermarkets/grocery stores"
1,0,4205.0,"918 Cornell Ave, Albany, CA, 94706",,,,,https://drive.google.com/open?id=1s-CZmwfgblzmZByIaphefGpU3XH2IsbP,"[37.8896830508836, -122.296137176797]",https://drive.google.com/open?id=1PZr91S0HKvtq9FLPtnmksiAbs0zg27zK,"(37.8867059, -122.2950048)",https://drive.google.com/open?id=1RLeTN32l5FmCf_tuI07XuCF7IZexCydv,"(37.8867059, -122.2950048)",https://drive.google.com/open?id=1f5Qy5Eiat-nrBtyvA3xhig0StAIisWIG,"(37.8867059, -122.2950048)",,,0,0,Schools or daycare centers
1,0,4005.0,"618 Alcatraz ave, Oakland CA, 94610","618 Alcatraz ave, Oakland CA, 94610"," 657 Alcatraz Ave, Oakland CA, 94610",,,https://drive.google.com/open?id=1yRnkHaLwrLdRlkcBwyqvWiYtilPhJMSA,"[37.849978, -122.26308]",https://drive.google.com/open?id=1gs6CJV6VyEOecs_w2CkQNbKHXnHxXEKw,"[37.849978, -122.26308]",https://drive.google.com/open?id=1xYA_RUifAt5u_Lmjmf3Uy6MxUhmd3X1e,"[37.84981615, -122.2643041125]",,,,,0,1,"Eating places/restaurants, Fast food or take-out places, Supermarkets/grocery stores"
0,0,4206.0,"1091 Neilson St Albany, CA 94706","1048 Neilson St Albany, CA 94706","1501 Terrace St Albany, CA 94706",,,https://drive.google.com/open?id=1f7QR4PKjSkpHG-Grs8RyL8b0FIJOzYgW,"[37.8848221052632, -122.287728578947]",https://drive.google.com/open?id=1VFQmwftZ72gRcIhlBJEDB6dOo7aTMWTJ,"[37.886203625, -122.28741925]",https://drive.google.com/open?id=1l3EWXDFYMn6TNKcrYUr2qzucN1XydahT,"[37.885853, -122.287287]",,,,,0,0,"Parks, Playgrounds"
0,0,4214.0,"925 San Benito Rd, Berkeley, CA, 94707","916 San Benito Rd, Berkeley, CA, 94707","939 San Benito Rd, Berkeley, CA, 94707","972 Spruce St, Berkeley, CA, 94707",,https://drive.google.com/open?id=1aCZahQPN6gA06xqxK80O-d4wCCU_7zNX,"[37.8918478459687, -122.268077661365]",https://drive.google.com/open?id=1R3jkE56XuX0LUX22buHhzUQ2YCFPH4IK,"[37.8917927635795, -122.268668812722]",https://drive.google.com/open?id=1Wx9_d41X_11mI1PqJQ6_tPO0uYuqQG73,"[37.891362, -122.2676401]",https://drive.google.com/open?id=1LhoJtssvU3WBflYXGqGdSWXAHmudpZFE,"[37.8913520294817, -122.267346792393]",,,0,0,
0,0,4229.0,"Shattuck Ave between Channing Way and Durant St. Berkeley CA, 94794 ","Shattuck Ave between Channing Way and Durant St. Berkeley CA, 94794 "," Shattuck Ave between Channing Way and Durant St. Berkeley CA, 94794 ","Shattuck Ave between Channing Way and Durant St. Berkeley CA, 94794 ",,https://drive.google.com/open?id=1hHcKSFiSlLV9pGHIk7YYofEGbBHyAaKY,"(37.8678899, -122.269247)",https://drive.google.com/open?id=1kKXoPecUojWtvGohoXUpfAtCxzjbzt_P,"(37.8678899, -122.269247)",https://drive.google.com/open?id=1HMbda4CbNhk77tma2sUC_VG0eYpWQEeP,"(37.8678899, -122.269247)",https://drive.google.com/open?id=1XdsN1xkSSCqulC2VBGbIht-qU1dOFfsB,"(37.8678899, -122.269247)",,,1,0,"Banks or credit unions, Bars and alcoholic beverage services, Eating places/restaurants, N/A"
0,0,4235.0,"no street number visible, Parker Street, Berkeley, CA, 94720","no street number visible, Parker Street, Berkeley, CA, 94720","No specific street name, Parker Street, Berkeley, CA, 94720",,,https://drive.google.com/open?id=1XWV9TbMExIjMEjLNfevlp2vKh86TJsVG,"(37.859365, -122.2680467)",https://drive.google.com/open?id=1ULIKd_4kLtZ7_KjdUzxC-qnx92arz6R-,"(37.859365, -122.2680467)",https://drive.google.com/open?id=1PmD4DP5kPII2C-YNs9U2jkukZledLr53,"(37.859365, -122.2680467)",,,,,0,1,Auto repair/auto body shop
1,0,4014.0,"3000 Martin Luther King Jr. way, Oakland, CA, 94609","655 31st st., Oakland, CA, 94609","3047 Martin Luther king Jr. Way, Oakland, Ca, 94609"," 655 31st st., Oakland, CA, 94609","655 31st st., Oakland, CA, 94609",https://drive.google.com/open?id=1KKEaLGOKSJ3e3jG4ne7HMXx7lLUAlUhQ,"(37.8207387, -122.2733758)",https://drive.google.com/open?id=1sd52oGkoSlRAd3up-_QH9AtDwtU1Jrwh,"[37.8206401218958, -122.271581611102]",https://drive.google.com/open?id=1LItuauFOPsRSY9f3iin_y4RW5vnGsYdP,"(37.8207387, -122.2733758)",https://drive.google.com/open?id=1VqXP0lCgusrjrHgCPEUPt90sTmcxIbvo,"[37.8206401218958, -122.271581611102]",https://drive.google.com/open?id=11kWcnC9rtbHm8qYk87yz7AU9hE4FYTg5,"[37.8206401218958, -122.271581611102]",0,1,
0,0,4212.0,"31-7 San Mateo Rd. Berekeley, CA, 94709","31-7 San Mateo Rd. Berekeley, CA, 9470","31-7 San Mateo Rd. Berekeley, CA, 9470","31-7 San Mateo Rd. Berekeley, CA, 9470","31-7 San Mateo Rd. Berekeley, CA, 9470",https://drive.google.com/open?id=1VVe6j7axGUwCQ-9DrOHXFDUWUSgMfFLD,"(37.8975481, -122.2752271)",https://drive.google.com/open?id=1hvgkXwjF7nCBqh3KJHfIUq74Kh3IK-3m,"(37.8975481, -122.2752271)",https://drive.google.com/open?id=1rZdHJcO1iHSKJi3YY49HKhf-TLsFvZQd,"(37.8975481, -122.2752271)",https://drive.google.com/open?id=1d9L1mT4TeWTCUF-dt8Ux4UUuLToeIi0O,"(37.8975481, -122.2752271)",https://drive.google.com/open?id=17eubdPtUEOIHNSKCgPT3hIoG3G1PvARH,"(37.8975481, -122.2752271)",0,1,"Parks, Playgrounds"
1,0,4033.0,"12th and Madison Street, Oakland, CA 94610","125 14th Street, Oakland, CA 94610","171 12th Street, Oakland, CA 94610","12th and Oak Street, Oakland, CA 94610",,https://drive.google.com/open?id=1x5g6gz5evGxooff8FsWU4k3dUesXutIM,"[37.8016135, -122.2640218]",https://drive.google.com/open?id=17fWENsUmlrU5pFKCM8NfrIHWXVV6ndSd,"[37.8009666, -122.263703210737]",https://drive.google.com/open?id=1BtpVvRwMF5NUqEEghjvWjt-_DA29Q5cr,"[37.8002714527687, -122.265490617566]",https://drive.google.com/open?id=1yu-C0eBnxBE-E1VMd4vgMvkUnr1vMdb8,"[37.7970308, -122.2654173]",,,1,1,"Banks or credit unions, Bars and alcoholic beverage services, Bodega deli corner-store convenience store, Community center, Eating places/restaurants, Public library, Post office, Schools or daycare centers, Warehouses"
1,0,4007.0,"5700 Martin Luther King Jr Way, Oakland, CA 94609","5714 Martin Luther King Jr Way, Oakland, CA 94609","5707 Dover St, Oakland, CA 94609",,,https://drive.google.com/open?id=1gMLbnqF8spsrUmHUQ9nTypm-pGpB1Hov,"(37.8417578, -122.2723135)",https://drive.google.com/open?id=1vhcwCdj-q2HudjJBKqOWrI_SelTFKxNG,"(37.8417578, -122.2723135)",https://drive.google.com/open?id=1OmzGennX_yrKVLCOr094loTC7tHNC4Ft,"[37.8427123394632, -122.267883482115]",,,,,0,0,"Parks, Playgrounds"
0,0,4031.0," 499 9th St, Oakland, CA 94607","465 9th St, Oakland, CA 94607","492 9th St, Oakland, CA 94607",,,https://drive.google.com/open?id=1JLtcYfkzsQVn5RqtqwCPrv1msF8Q8Fuz,"[37.801248, -122.274512]",https://drive.google.com/open?id=1-CMPDKiOctfAB_AZGI25-iSwCA_miqEc,"[37.8009271, -122.2739317]",https://drive.google.com/open?id=1sGXwRg8Nc3gntO_EWmy8GEDwjxBed4xk,"[37.8013752938667, -122.274367933985]",,,,,0,0,"Bars and alcoholic beverage services, Eating places/restaurants, Professional offices (doctor dentist lawyer accountant real estate), Supermarkets/grocery stores"
1,0,4010.0,Intersection of 45th and MLK Jr Way,Somewhere on 43rd Street,"723 44th Street, Oakland, CA 94609",Somewhere on 43rd Street,,https://drive.google.com/open?id=1gdkSHVPFXkFgVtUsEWcOWRKgueexK_qM,"(37.831217, -122.2719625)",https://drive.google.com/open?id=13dRQUegGYJI2QnbvGEWqhKi0EKoaeVQJ,"(37.831217, -122.2719625)",https://drive.google.com/open?id=10WC0UjDME9J66tWkzAVG3veYbhi4FGz5,"[37.8330555708682, -122.269243744937]",https://drive.google.com/open?id=1lfSiXmYGuh96tbinfvEpp55zh457rd9c,"(37.831217, -122.2719625)",,,0,1,"Auto repair/auto body shop, Liquor stores or Marijuana Dispensaries"
0,0,4214.0,"2314 Marin Ave., Berkeley, CA 94708","2300 Marin Ave., Berkeley, CA 94708","2400 Marin Ave., Berkeley, CA 94708","2348 Marin Ave., Berkeley, CA 94708","2334 Marin Ave., Berkeley, CA 94708",https://drive.google.com/open?id=1MbJXL7-MG0EvEb-Ng40ez1f6S_t1ZT2Q,"[37.8932512, -122.2673427]",https://drive.google.com/open?id=1crXEZOA5UI_tmYB0hzAx-LEaHSzbX5jU,"[37.893145, -122.26755]",https://drive.google.com/open?id=1Z4Nr-AhmXxtrpal_4uHt9PDJ5O_iQlBk,"[37.894146, -122.26598]",https://drive.google.com/open?id=1H9erqF9ViAJovKIbFyWTQx0PJHKW2NEj,"[37.8935136, -122.2668951]",https://drive.google.com/open?id=1Y5QCbRe_uBkU_eQ0Or-U596PstAoJihP,"[37.8934392040816, -122.267089612245]",0,1,"Playgrounds, Schools or daycare centers"
0,0,4006.0,"598 55th St, Oakland, CA 94609","606 55th St, Oakland, CA 94609 ","610 55th St, Oakland, CA 94609","5443 Shattuck Ave, Oakland, CA 94606"," 5501 Shattuck Ave, Oakland, CA 94609",https://drive.google.com/open?id=1qPP6Ttduoj3qvjEyN_GhI7qqNP8w3Ull,"[37.840529, -122.264318]",https://drive.google.com/open?id=1ZN8xD_ELw0Nd8BdjosT8StbVxChnyVMK,"[37.8405375603596, -122.264909197988]",https://drive.google.com/open?id=1T-Uddn1uHjbTlD42mbIeRC-XkLO48XdL,"[37.8405252672661, -122.265005329979]",https://drive.google.com/open?id=1hd9b8bVEXGHbZSoL6zc7M5sI2lhTEKN7,"[37.840142244539, -122.264647177791]",https://drive.google.com/open?id=1sgNQkjLY-FoU8RqdzhNfOwKML556kBnv,"[37.8405946530612, -122.264398867347]",0,1,"Auto repair/auto body shop, Eating places/restaurants"
1,0,4014.0,"886, 32nd Street, Oakland, CA, 94612","801, 32nd Street, Oakland, CA, 94612","826, 32nd Street, Oakland, CA, 94612","816, 32nd Street, Oakland, CA, 94612",,https://drive.google.com/open?id=1iDPHq6xqG5escYQ0QOZmsDgD5nLuAeqp,"[37.8224004203091, -122.275514973245]",https://drive.google.com/open?id=1FAKXbAIBCfm6bbpBfwVF6OtpVaQlphKI,"[37.821891, -122.273333]",https://drive.google.com/open?id=1ZkwMckfEFFxLGM_y40rdiUXNSxHZ5bue,"[37.822157835833, -122.273964790305]",https://drive.google.com/open?id=1HbKurZjl08bC8Riin4OM-VwvTFFWwm2k,"[37.8221174173169, -122.273706424571]",,,0,1,Supermarkets/grocery stores
0,0,4201.0,"1330 Portland Ave, Albany, California, 94706","1332 Portland Ave, Albany, California, 94706","703 Ramona Ave, Albany, California,94706",Statues of Chinese dragon in the front yard,,https://drive.google.com/open?id=1Ga4BJ__iRaoEHAhKAiBviuZ_OvUDZiB4,"[37.894722144942, -122.290721317496]",https://drive.google.com/open?id=1tx8Ho_Xx1IlxFvuFpD_8mt8ypY0i8ozk,"[37.8947216849739, -122.290706426029]",https://drive.google.com/open?id=1hzlU7_SjwLDRwpupfoOU-k_HnfLSWM16,"[37.8946516712088, -122.290819053875]",https://drive.google.com/open?id=1u3ib_nXLFlTgqIY-VK_S300dqM98EUV_,"(37.8947731, -122.2910214)",https://drive.google.com/open?id=1O65zAQLyCMvEHNITuTaqrw5lANMMNuBc,"(37.8947731, -122.2910214)",0,0,
0,0,4028.0,"500 William Street, Oakland, CA 94612","1911 Telegraph Ave, Oakland, CA 94612","1951 Telegraph Ave, Oakland, CA 94612","500 William Street, Oakland, CA 94612","1990 Rashida Muhammad St, Oakland, CA 94612",https://drive.google.com/open?id=1B8mgqgMr73TtNQf_E9JZ21noLNMPUQv7,"[37.809083, -122.269945]",https://drive.google.com/open?id=1xIkwtc-hbQ70ik1rdY7gGdKMVpFh4btG,"[37.8085687916667, -122.27001425]",https://drive.google.com/open?id=1iWx8tFUqtY1hSvMxr_9Yles_V-WSr3KK,"[37.8092978, -122.2698631]",https://drive.google.com/open?id=1wGhTXP3HlKx7MQPZnOINYMHxPs45gxUV,"[37.809083, -122.269945]",https://drive.google.com/open?id=1q7JXOIzW_YF99UHcsGTI-jUO-Ku7DFrM,"[37.8091978, -122.2713988]",0,1,"Eating places/restaurants, Parks"
1,0,4224.0,"4224 Oxford st, Berkeley. CA 94704 ",Virgiia street ,"4224 Oxford st, Berkeley. CA 94704 ",Virgiia street ,"4224 Oxford st, Berkeley. CA 94704 ",https://drive.google.com/open?id=18mZS7kS-3zPXC7NFhEfKzBXd2pOh2Zgj,"[37.8706709, -122.2659557]",https://drive.google.com/open?id=1Uc4xZnOrsAEOpFE0FfNPtSpaH_0wXSag,"(37.8752396, -122.2695878)",https://drive.google.com/open?id=1f5EEXDr_nRh7KALe6-UK1H6SfDBMLUEL,"[37.8706709, -122.2659557]",https://drive.google.com/open?id=1kk0-FHIWNGkIVignYS9zPLimDyNytfBa,"(37.8752396, -122.2695878)",https://drive.google.com/open?id=1qIeM3XRHdrIkdpOn83nLMzaTbKBjAgaC,"[37.8706709, -122.2659557]",1,0,"Eating places/restaurants, Fast food or take-out places, Parks"
0,0,4204.0,"944 Polk St, Albany, CA, 94706","944 Polk St, Albany, CA, 94706","944 Polk St, Albany, CA, 94706",,,https://drive.google.com/open?id=15D9ilPcDdOBpMqIy3erYm7tJWr5kHSn_,"[37.8885478935646, -122.303105265884]",https://drive.google.com/open?id=1PzYujrD9PAc79DbI5Wx5iz8W2PD82Ynu,"[37.8885478935646, -122.303105265884]",https://drive.google.com/open?id=16dYIFMPtjdEL0fptVEnTTPHmTDo76z-e,"[37.8885478935646, -122.303105265884]",,,,,0,0,
1,0,4205.0,"1212 Marin Ave, Albany, CA 94706","976 Cornell Ave, Albany, CA 94706","949 Cornell Ave, Albany, CA 94706","1214 Marin Ave, Albany, CA 94706","Marin Ave, Albany, CA 94706",https://drive.google.com/open?id=1SOC9Xl_OtGd7_NrzS8RB6RRuDhZd1P5r,"[37.8871681951544, -122.294685971463]",https://drive.google.com/open?id=1r895LEdAloEFP8fZUZshG3lU42llMC2U,"[37.8879691186669, -122.295583134159]",https://drive.google.com/open?id=11XlUf-sBg3vLl541Mj7u0IB00V17iT_7,"[37.8888377321918, -122.295648990273]",https://drive.google.com/open?id=1gCtigTIsgfpoWJ_ACsSguwSKWJyC0LLi,"[37.8871797218604, -122.294627632217]",https://drive.google.com/open?id=16mt_F4DheSqgwcxhY2ecYsD1u0h2Ujmt,"[37.8895069, -122.2849992]",0,0,"Community center, Eating places/restaurants, Fire station, Public library, Post office, Schools or daycare centers"
0,0,4214.0,"1953 Hopkins St, Berkeley, CA 94707","1961 Napa Avenue, CA 94707","1951 Napa Avenue, CA 94707","1959 Napa Avenue, CA 94707",,https://drive.google.com/open?id=1XS9dH-DeL1mEnoiI0V545pixRIVKgG2_,"[37.887229, -122.2734674]",https://drive.google.com/open?id=1oNGuNGLIR1kHbPzpywKp2L_D3xo9aH_f,"[37.8873484690157, -122.274302446425]",https://drive.google.com/open?id=1g8QQAvoAUdIxcknBqcrSLMOzNs31aAaQ,"[37.8871652265574, -122.274514425632]",https://drive.google.com/open?id=10DapGgYZ9P6XfysBDaEMrHbrHQuvPoyV,"[37.8873129368372, -122.274345773441]",,,0,0,
0,0,4202.0,"712 Kains Ave, Albany, CA 94706","545 Kains Ave, Albany, CA 94706",,,,https://drive.google.com/open?id=1u1RtxQqTYtQuulY3zt4mHKlb1dCNfXyi,"[37.8933100950488, -122.299080770544]",https://drive.google.com/open?id=1idehI25XKTYmR4YwY64z0ete_m8sYSXM,"[37.896146714299, -122.299785019405]",https://drive.google.com/open?id=1RtVBL6DyY0UbG985CRKESgbgFh-R1wu6,"(37.8944611, -122.2974624)",,,,,0,0,
1,0,4201.0,"1325 Portland Ave, Albany, CA 94706","1325 Portland Ave, Albany, CA 94706","1325 Portland Ave, Albany, CA 94706","1331 Portland Ave, Albany, CA 94706","635 Carmel Ave., Albany, CA 94706",https://drive.google.com/open?id=1Z-oucLPwuNFEBHzbXqnT1E07MbZDRVii,"[37.89559215, -122.290822536266]",https://drive.google.com/open?id=1VyPhxcdSZh1jTIO-GBZx-4cBklD-9jgb,"[37.89559215, -122.290822536266]",https://drive.google.com/open?id=1hmxtpogSza0gp39VtSjKiKAJJvEhmqhV,"[37.89559215, -122.290822536266]",https://drive.google.com/open?id=1DQw3ksHcZY6RZS3AtRWYe5G6b4IQq_p4,"[37.8948849185349, -122.290664283144]",https://drive.google.com/open?id=1Cc6LsfCBiCVMPN1vklNMbuMLmi4os0Aa,"[37.8956399683506, -122.289902173869]",0,1,"Parks, Playgrounds, Schools or daycare centers"
0,1,4033.0,"125 12th St #100, Oakland, CA 94607","120 11th St, Oakland, CA 94607","149 11th St, Oakland, CA 94607","1106 Madison St, Oakland, CA 94607","1221 Oak St, Oakland, CA 94612",https://drive.google.com/open?id=1YCotpid0nJPa_yKKM3TDyz-QD6xlwAmj,"(37.7944308, -122.2663244)",https://drive.google.com/open?id=1HR-7MXX_Fxvllx--NYTFJs3rAlbcKVt_,"[37.7992721666667, -122.264659666667]",https://drive.google.com/open?id=1voSUrwrqVfSADkL2gJGEDxJsWo5NTfUs,"[37.7996107340353, -122.266013196111]",https://drive.google.com/open?id=1WikV4tQhnM4L8e-WMGKwU68fPW2rOb7z,"[37.7996468, -122.264907171602]",https://drive.google.com/open?id=1_Fr_0AQSn6yVBnoJdchez4nMBZnJSee8,"[37.80032985, -122.26421478573]",1,1,Public library
0,0,4239.01,"2034 Essex St., Berkeley, CA, 94703","3048 Shattuck Ave., Berkeley, CA, 94703","2007 Essex St., Berkeley, CA, 94703","2024 Essex St., Berkeley, CA, 94703","2024 Essex St., Berkeley, CA, 94703",https://drive.google.com/open?id=1bHvBIKhKD_Mswqs6VabNk4aKXcqMmiCX,"[37.8535880427933, -122.267571301641]",https://drive.google.com/open?id=1c-K0ZxQKLnz15p_sDVdGKRyvult4m5tx,"[37.8674531, -122.2677063]",https://drive.google.com/open?id=1ayoBN3xb2jFA9H2OdBoiy0tNWC70VDBT,"[37.8536873144386, -122.268067215455]",https://drive.google.com/open?id=1G9ct1T4eGyrq4O5cTaXMINrKFgTTHMcS,"[37.8535654881875, -122.267735893164]",https://drive.google.com/open?id=1X6VJHHZ8ZEPhsh_a7c6I2tvNv0j57q0w,"[37.8535654881875, -122.267735893164]",0,1,"Manufacturing, Supermarkets/grocery stores, Warehouses"
0,0,4006.0,"673 57th Street, Oakland, CA, 94609","640 57th Street, Oakland, CA, 94609","646 57th Street, Oakland, CA, 94609",,,https://drive.google.com/open?id=1yFzMJCILceWzPZUSV7x-yZdzcYCfPQCn,"[37.8422715681278, -122.267018605737]",https://drive.google.com/open?id=1wH8DJFd2ygB9RX4DqhQJyc4bZXZ7rBtY,"[37.8425570986673, -122.26610886039]",https://drive.google.com/open?id=1p27lDGuK25Yv2Q9tNOzzoqIPNyuW03nW,"[37.842535567487, -122.266265340517]",,,,,0,0,
0,0,4031.0," 555 12th St Oakland, CA 94607 ","Lafayette Square Oakland, CA 94607","901 Jefferson St Oakland, CA 94607","1000 Jefferson St, Oakland, CA 94607","577 11th St, Oakland, CA 94612",https://drive.google.com/open?id=15H6hm3J3Bq_p0L952jCWQ4rrk3UPt8bT,"[37.803536, -122.2750401]",https://drive.google.com/open?id=11POHEm97JUx3OmpN0SeAWmoM2JL4gBM0,"[37.80355845, -122.276889795949]",https://drive.google.com/open?id=1hXMDNC0niLi2XGvOCHb51mbxdTUQVSQm,"[37.802441, -122.277004]",https://drive.google.com/open?id=1hpUWPjmUanWiDKWQfK8jhMYnRzzg4VRH,"[37.803053, -122.276381]",https://drive.google.com/open?id=1LcGk7_11sSCr5cPE4pjrIxjOAsWe1LBz,"[37.8034640485874, -122.275805034285]",1,1,"Eating places/restaurants, Parks, Playgrounds"
0,0,4212.0,"801 Shattuck Avenue, Berkeley, CA","807 Shattuck Avenue, Berkeley CA","944 Shattuck Avenue, Berkeley CA",,,https://drive.google.com/open?id=1tneWrhaL777hEhPE_n1cgkrp1r2N7_mY,"[37.8691664, -122.2678917]",https://drive.google.com/open?id=1qSNj8CuK56qGG8L6f7qPEsdND_amZZD6,"[37.8919258, -122.2719753]",https://drive.google.com/open?id=1N75DP--AqXDbPpQCGK10q95e3OLbqaMc,"[37.8904021539773, -122.269542775869]",,,,,0,1,
0,0,4202.0,"1114 Brighton Ave, Albany, CA 94706","1101 Brighton Ave, Albany, CA 94706","540 San Pablo Ave, Albany, CA 94706",,,https://drive.google.com/open?id=1O3nd_wcxr9LY5Q0xeocxBn-HJn-E4kxi,"[37.8966968, -122.300227790065]",https://drive.google.com/open?id=1oklkSV0KlbwIgDB7Qdam-pScYyjIbcNw,"[37.896977, -122.299999]",https://drive.google.com/open?id=1nrA_SBZhtJnMnoGZQWPu3twdyZu9l12a,"[37.8961913, -122.3010785]",,,,,0,1,"Auto repair/auto body shop, Eating places/restaurants"
0,0,4203.0,"CLay St, Albany, CA, 94706","Jackson St, Albany, CA, 94706","Jackson St, Albany, CA, 94706",,,https://drive.google.com/open?id=1AzgKsVPZu8ZeB5inj_eT0ZC75Eg9amtw,"[37.8960324, -122.3009447]",https://drive.google.com/open?id=1VnTVEy1sP-2dD98bc1aoA-FZEEv7FUQ4,"[37.8835598, -122.2999737]",https://drive.google.com/open?id=152qy-h4JyaB4Ud3ITRlv0bGiNmJ1Mo_2,"[37.8835598, -122.2999737]",,,,,0,0,
0,0,4213.0,"1727 Sonoma Ave Berkeley, CA 94707","1004 Ventura Ave Albany, 94706","1504 Beverly Place Berkeley, CA 94706",,,https://drive.google.com/open?id=1xNVJ8w1WXRaVunhCJ6OcsKOS_304wmiZ,"[37.886478, -122.281097]",https://drive.google.com/open?id=1I4DidIc06Shuj6vvk4erKmHD8THsnVca,"[37.8866117890428, -122.283759288247]",https://drive.google.com/open?id=1IYwwnsrL5weY2rqs4fekMJVUjSia1LJ3,"[37.8860642045267, -122.283452068097]",,,,,0,0,
1,0,4203.0,1216 Solano Ave,1216 Solano Ave,,,,https://drive.google.com/open?id=1qeRKijHF_BHFDFYP7Q-cLeRz4odTobvF,"[38.0991816734694, -122.24313555102]",https://drive.google.com/open?id=1uiu8Hxxu9RJ6TJ1UZukgkmYdf9zFu4Mw,"[38.0991816734694, -122.24313555102]",https://drive.google.com/open?id=15YA227LEhQTs9djgpHo5YS5vJip--VtQ,"(37.8906102, -122.3182668)",,,,,0,0,"Community center, Eating places/restaurants, Schools or daycare centers"
1,0,4027.0,"17th and West st. Oakland Ca, 94607","799 West st. Oakland Ca, 94607","1700 Market st. Oakland Ca, 94607","1825 Market st. Oakland Ca, 94607","1741 Market st. Oakland Ca, 94720",https://drive.google.com/open?id=1TE-3Sgdjei-7vIcJURmyTTXfVN9pv3YX,"(37.8103872, -122.2769914)",https://drive.google.com/open?id=12KbOu3QRFyrReCANQofvw54dhmPMepAr,"[37.805886, -122.2805487]",https://drive.google.com/open?id=13LdUflBPGmk6COubnQuQ1saI7BE2qEoV,"[37.8114162258713, -122.279555616207]",https://drive.google.com/open?id=1hY9SBgJnSQAOsB6TZA3my-zQXKcE2gPI,"[37.8114033469388, -122.279952326531]",https://drive.google.com/open?id=1EqqBUYcleBX4dMPaqG4Me-Nhl4oZKioV,"[37.811043, -122.280172936693]",1,1,"Bars and alcoholic beverage services, Community center, Fast food or take-out places, Gas station, Liquor stores or Marijuana Dispensaries, Parks, Playgrounds, Schools or daycare centers"
0,0,4007.0,"882 61st St, Oakland, CA, 94609","882 61st St, Oakland, CA, 94609","858 61st St, Oakland, CA, 94609",,,https://drive.google.com/open?id=1d8wgOLchaunxxQzyq64O71MIkw_5Gtdv,"[37.8456243333333, -122.274682333333]",https://drive.google.com/open?id=1E4OttYkus_6dlYa1HP3AvhtdNzW_EdlW,"[37.8456243333333, -122.274682333333]",https://drive.google.com/open?id=1AJGCjq-kqndpIskd9BNSZd3yjxASd93V,"[37.8456908333333, -122.274000333333]",https://drive.google.com/open?id=1nQ2oRcyKFfR8YiG9HlkANX-BXCmD02zd,"(37.8417578, -122.2723135)",,,0,0,
0,0,4224.0,"2015 Francisco St Berkeley CA, 94709","2030 Francisco Street Berkeley, CA 94709","1752 Shattuck Ave Berkeley, CA 94709",,,https://drive.google.com/open?id=1L2JxhMfmUqHdCql4cAvrBlpOkTV2Bnly,"[37.8756323, -122.2703968]",https://drive.google.com/open?id=1gmkIXMBU_9EgVM-KEtwZOZEs85jXghpN,"[37.87537435, -122.269468170856]",https://drive.google.com/open?id=13lbCDL-cvmWSX6-NcL0XgzvnH2YVmZYs,"[37.8753467, -122.269145]",,,,,0,0,"Auto repair/auto body shop, Schools or daycare centers"
0,0,4201.0,"N/A, because it is a picture of a car","N/A, because it is a car.","613 San Carlos Ave., Albany, CA, 94706","631 San Carlos Ave., Albany, CA, 94706",,https://drive.google.com/open?id=13sbJ9yBiAaxekgE7u1cnYY-YDfVRsXUp,"(37.8947731, -122.2910214)",https://drive.google.com/open?id=1A7PnfkBYFXel8AqzLiHTDcXXy4H4Xz5m,"(37.8947731, -122.2910214)",https://drive.google.com/open?id=1hC1qBkCruIFNd_gqBBopNbh-8k68wbZR,"[37.8962868364934, -122.289001501856]",https://drive.google.com/open?id=1dlaENV93j3bqo5oj7lmSbTaWT5nA4yO5,"[37.8959911166593, -122.28901627086]",,,0,0,
0,0,4033.0,241 Tenth St. Oakland Ca 94607,"268 Tenth St. Oakland, CA 94704","923 Alice St. Oakland, Ca  94704",,,https://drive.google.com/open?id=1wu7NNC9mUvfpBW2rEnsCI9uFcPx7AGb_,"[28.5538322, -81.6339617]",https://drive.google.com/open?id=1wt3Z6IFjKQj2aQKEbMqv3jHduq6GTE_H,"(37.7944308, -122.2663244)",https://drive.google.com/open?id=134rpzjbSvNs1eZ-JLWR5-y8gYrTEKhrv,"[37.7992532431027, -122.268554887508]",,,,,1,1,"Bodega deli corner-store convenience store, Eating places/restaurants, Fast food or take-out places, Parks, Playgrounds, Schools or daycare centers, Supermarkets/grocery stores"
0,0,4006.0,"549 57th St, Oakland CA,  94609.","501-599 57th St, Oakland CA, 94609.","689 58th St, Oakland CA, 94609.","631 58th St, Oakland  CA, 94609.",,https://drive.google.com/open?id=1_xDMmGX7lqyJAKQDeGZ5R6Gee95J61tz,"[37.8428089329417, -122.263594756783]",https://drive.google.com/open?id=1-Pp7u399dus4GXAxzQA9YC86e5dgaJMd,"(37.8419909, -122.2648882)",https://drive.google.com/open?id=1n2Jekto7-EG8ZvaKem-OXWdc3GO04l8e,"[37.843181738932, -122.267549148273]",https://drive.google.com/open?id=1SgFeJUXFYPqV4fGPkKQaGgv_r2abDIuO,"[37.843367146913, -122.266087005167]",,,0,1,
0,0,4213.0,"930 Colusa Street, Berkeley, CA, 94707","930 Colusa Street, Berkeley, CA, 94707","930 Colusa Street, Berkeley, CA, 94707",,,https://drive.google.com/open?id=1PUmgPqIRp5hkUsdw2ya4nOO-oZoQ-Bk9,"[37.890694640209, -122.279269108562]",https://drive.google.com/open?id=1j8yg4yXELMOA2i1wUw0usxhMl2UlD1Th,"[37.890694640209, -122.279269108562]",https://drive.google.com/open?id=1cQ7ad-lTdLU42S4YQwnz9_SocdVdywus,"[37.890694640209, -122.279269108562]",,,,,0,0,
0,1,4217.0,"1550 Shattuck Ave, Berkeley, CA 94709","1531 Shattuck Avenue, Berkeley CA 94709","1536 Shattuck Ave, Berkeley, CA 94709","1505 Shattuck Avenue, Berkeley, CA 94709","1521 Shattuck Ave, Berkeley, CA 94709",https://drive.google.com/open?id=1yQhrPSWofVIKlf2_fI4d9upX4q8cyYqh,"[37.8788525, -122.269976578391]",https://drive.google.com/open?id=1rR3CrgzUrtt4CZpy8IVIFEdtnRxbvXa0,"[37.880072, -122.269123]",https://drive.google.com/open?id=1aFn1GG0A07pqEUnyao_XO3UcC3tb_f-y,"[37.8787966326576, -122.269002779794]",https://drive.google.com/open?id=1y-2OgqACZ4QBFwOj6Sg85LUwCdTgzUp0,"[37.8799788, -122.2690696]",https://drive.google.com/open?id=1jfDHc2BfibpdCtw2zuSU8xoYtXF_cpiM,"[37.876551, -122.2688407]",0,0,"Banks or credit unions, Bars and alcoholic beverage services, Eating places/restaurants, Post office, Professional offices (doctor dentist lawyer accountant real estate), Supermarkets/grocery stores"
0,0,4206.0,"918 Ordway Street, Albany, CA, 94706.","921 Ordway Street, Albany, CA, 94706.","900 Ordway Street, Albany, CA, 94706.","918 Ordway Street, Albany, CA, 94706.","Ordway Street, Albany, CA, 94706.",https://drive.google.com/open?id=1FPhYomKqIaMEEZ9e3HvWVbei8YFmW90K,"[37.8906139369315, -122.284564464658]",https://drive.google.com/open?id=1K3NEvwQMVzljgxN02qxx8AiOc32jEwMG,"[37.890602106176, -122.284331955318]",https://drive.google.com/open?id=1usPOvVO2BopoFx5rqBcz7XYfvrkyaIr7,"[37.890898, -122.284592]",https://drive.google.com/open?id=10VkzxJ6seGSRudOdIV3LXzNzGslHqPF6,"[37.8906139369315, -122.284564464658]",https://drive.google.com/open?id=1a_qffRhZCkdQA3W6WmSis7nWW86Ebq_q,"[37.8867565, -122.2845162]",0,0,Professional offices (doctor dentist lawyer accountant real estate)
0,0,4033.0,"211 10th st. Oakland, Ca 94607","237 10th st. oakland, Ca 94607","225 11th st. Oakland, ca 94607",,,https://drive.google.com/open?id=1DfiSpLP9MDH3eEpqsr2Jy4uHgt6hG_iW,"[37.7992555278443, -122.267265115145]",https://drive.google.com/open?id=16Qh3igXz6TVGXQZbnYoBu7oEwB9xkr2H,"[37.7994707189595, -122.267830313675]",https://drive.google.com/open?id=1JFRsfPZl3avU7yB3TqPL5FtGqgEAtswl,"[37.8004583239763, -122.268145735173]",,,,,0,1,"Professional offices (doctor dentist lawyer accountant real estate), Schools or daycare centers, Supermarkets/grocery stores"
0,0,4203.0,"1021 Solano Ave # A, Albany, CA 94706","824 Adams St Albany, CA 94706","800 Madison St Albany, CA 94706",,,https://drive.google.com/open?id=17DDH-Ek2LpMjQ2o1a88sKkLNhZPdXUD8,"[37.890122184134, -122.300316611302]",https://drive.google.com/open?id=1qwYU91KDxDkKATYaKQ9XLc7i7r7s8ewZ,"[37.8915392854579, -122.300487929682]",https://drive.google.com/open?id=1rmFzxWF94HMN-vDjfmQ2ERutI_qUhz6u,"[37.891801, -122.301479]",,,,,1,1,
1,0,4217.0,"Oxford Street, 1550 block (exact address not visible), Berkeley, CA 94704","1536 Oxford Street, Berkeley, CA 94704","1508 Walnut Street, Berkeley, CA 94709",,,https://drive.google.com/open?id=1M94r_n7B_1cgDkzNLKaHA0--TU1fP8Dv,"(37.8819398, -122.2701843)",https://drive.google.com/open?id=1WJqNMsWsOoWj6HRBashHCvXpks48vPnw,"[37.8797720681045, -122.267100929001]",https://drive.google.com/open?id=1rqtFU_sckKnLeXdHULqyEFhtZV_Xj1BY,"[37.8799973, -122.2684084]",,,,,0,1,
0,0,4235.0,"2787 Shattuck Ave, Berkeley, CA 94705","2787 Shattuck AveBerkeley, CA 94705",2109 Stuart Ave Berkeley CA 94705,,"2101 Stuart Ave, Berkeley CA 94705",https://drive.google.com/open?id=1_12eB9jRHRTH2p4804flAeigt3JsHS0M,"[37.8605625735823, -122.266863156386]",https://drive.google.com/open?id=1yuLKlYqx8ruuxORdlTcfZZ6WwPakbgV0,"(37.859365, -122.2680467)",https://drive.google.com/open?id=169x9aeJwSyG2lO8dQ79nuoaaPjSCfN7F,"(37.859365, -122.2680467)",https://drive.google.com/open?id=10XEam1kiyysVtxd7RkKRrOCX6KnmjUEL,"(37.859365, -122.2680467)",https://drive.google.com/open?id=1yN-146w-C8egeJ9puB7vuhXZIgGnFqG9,"[37.858647, -122.266746]",0,1,"Eating places/restaurants, Supermarkets/grocery stores"
1,0,4007.0,"940 Arlington Ave. Oakland, CA 94608","949 Arlington Ave. Oakland, CA 94608","940 Arlington Ave. Oakland, CA 94608","918 Arlington Ave. Oakland, CA 94608","917 Arlington Ave. Oakland, CA 94608",https://drive.google.com/open?id=1qlJibnA1VwPO9u-jhCV7cf83Umh5gzHd,"[37.8423242, -122.2746747]",https://drive.google.com/open?id=16G_pteGXWinxkQ7LUuJEwk9B2ZE-vlG9,"[37.8423242, -122.2746747]",https://drive.google.com/open?id=1zSkfpIXiOV7dlKU81OSJWpkYU8MvJ9Uv,"[37.8423242, -122.2746747]",https://drive.google.com/open?id=1RSJDcCBtfo9Vva4rDs312A4k-v12zMlw,"[37.842359105429, -122.275340369685]",https://drive.google.com/open?id=13w4yuUOlEWRdOo_J0EcB-s5y_JVCmjwM,"[37.8422016598851, -122.275237532517]",0,1,"Fast food or take-out places, Manufacturing"
1,0,4007.0,Ace Hardware,Martin Luther King Jr. Way Oakland Ca.,5600 Martin Luther King Jr.,55th and Martin Luther King Jr.,#18 bustop at 56th and Martin Luther King Jr.,https://drive.google.com/open?id=1g1dNI9SUPo5Sh2vCY2vGZ7pRrhBOsM_7,"[42.7596388, -71.46780945]",https://drive.google.com/open?id=1f-9FP445rS0CU9gF4T84-8S1u-2fGeeu,"(37.8417578, -122.2723135)",https://drive.google.com/open?id=1jbGWVOL1p7RAo5FrAo-POPhSmmR3pqfy,"(37.8417578, -122.2723135)",https://drive.google.com/open?id=1oUWEs1WOEBVQAHfI0tnn3EawxNJ-vgKz,"(37.8417578, -122.2723135)",https://drive.google.com/open?id=16QssFSte2PIm3NLtw2035WsxHHMxgOnM,"(37.8417578, -122.2723135)",0,1,"Auto repair/auto body shop, Bars and alcoholic beverage services, Eating places/restaurants, Professional offices (doctor dentist lawyer accountant real estate)"
0,0,4202.0,"1115 Solano Ave, Albany, CA 94706","1116 Solano Ave, Albany, CA 94706","Kains Ave, Albany, CA 94706",,,https://drive.google.com/open?id=1XlyLX7NNABUdK5SEypqc3vpAV5m3Jem0,"[37.890459, -122.2982037]",https://drive.google.com/open?id=18sUnvmYP2vkWaCwe1QOGGmEbgWkR9wnb,"[37.8902280478287, -122.298261445015]",https://drive.google.com/open?id=1OYZSD9hWjOPqXYlhYIrNmUZMkdtrE_kS,"[37.8840233, -122.2959524]",,,,,0,0,Eating places/restaurants
0,0,4212.0," Southhampton Avenue, Berkeley, CA,94707"," Southhampton Avenue, Berkeley, CA,94707"," Southhampton Avenue, Berkeley, CA,94707","42,  Southhampton Avenue, Berkeley, CA,94707",,https://drive.google.com/open?id=1qvYxYQBeoTlNHGepfwjlIvA1YQyjv_SE,"(37.8975481, -122.2752271)",https://drive.google.com/open?id=10N49A9lJZFMyu83baHdgd9zSua6HZPUu,"(37.8975481, -122.2752271)",https://drive.google.com/open?id=1e4YtYzZnfXQNTDG7ygLM-C4-K_J_c3X3,"(37.8975481, -122.2752271)",https://drive.google.com/open?id=1zLknRacNuefNCh2Nv3V26db1VGOQ7Uw0,"(37.8975481, -122.2752271)",,,0,0,
0,0,4006.0,"560 59th Street, Oakland, CA 94609","5825 Racine Street, Oakland, CA 94609","4829 Racine Street, Oakland, CA 94609","58th Street, Oakland, CA 94609",,https://drive.google.com/open?id=1y5fwFvrPtrFaXCFPe3NHh3joKFljDaGH,"[37.8448167114472, -122.263740211076]",https://drive.google.com/open?id=17PrdmRm3-ctRekCdEz9Gvo23cGNyc7XR,"[37.8443508939718, -122.261618743709]",https://drive.google.com/open?id=1CBTo3RhYbKsknZIGcQ5TKuFc2gR4duhx,"[37.8471184, -122.2622272]",https://drive.google.com/open?id=1R2h72Y7F-c2qAVxu8oaTBGlr4WvfGwKQ,"[37.8434215, -122.2661891]",,,0,0,"Community center, Playgrounds, Professional offices (doctor dentist lawyer accountant real estate), Schools or daycare centers, Supermarkets/grocery stores"
0,0,4205.0,"943 Kains Ave, Albany, CA 94706","1116 Solano Ave. Berkeley, CA 94706","921 Kains Ave, Albany CA 94706",,,https://drive.google.com/open?id=1dq18w8h9qRduQXicj1aZl2zN359mX0Bv,"[37.8888077634613, -122.297437274606]",https://drive.google.com/open?id=1PpsCCsu1YLxsiRyDnIEdIznLCvNgXBtv,"[37.8906311, -122.2744109]",https://drive.google.com/open?id=10IFZSCbpdN7SOkJtowWRGmVCswZqsZYG,"[37.8895108746585, -122.297661735758]",,,,,0,0,"Community center, Eating places/restaurants"
1,0,4005.0,"659 Fairview Street, Berkeley, CA","658 Fairview Street, Berkeley, CA",,,,https://drive.google.com/open?id=1Qga-hTv6xAlZSKKy3dafyHUBsXLvHQxd,"[37.8509622963843, -122.265210129025]",https://drive.google.com/open?id=1oIBRUd26PUv7y7QujRGvg59TKfwWYQ8U,"[37.8511506420742, -122.265026061228]",,,,,,,0,0,
0,0,4203.0,"630 Madison Street, Albany, CA, 97706",,,,,https://drive.google.com/open?id=12Mpzyoa8V1IgfIsA_n878f1CHuy7LrlW,"(37.8906102, -122.3182668)",https://drive.google.com/open?id=1e7EaXpD3Rcj3q5GNVJvsiv3fWynGCdBo,"(37.8906102, -122.3182668)",https://drive.google.com/open?id=1TpqIt0D7uAhjiEI8LYcV4ABCpWiNRvPD,"(37.8906102, -122.3182668)",https://drive.google.com/open?id=1kj3IylfiYvhoGelMZLTKvqgqwg0BYkV4,"(37.8906102, -122.3182668)",,,0,0,
0,0,4027.0,,,,,,https://drive.google.com/open?id=1T2sFPqthQjwlskWaqkI3STM3VA1KfI1b,"(37.8103872, -122.2769914)",https://drive.google.com/open?id=1t77zp6Ps2nujzAp3vN4O8yrRGyX3PSDC,"(37.8103872, -122.2769914)",https://drive.google.com/open?id=1-6UP5Y6igw9VF9XiwlUIAGPyo-dPmN98,"(37.8103872, -122.2769914)",,,,,0,0,"Fire station, Gas station"
1,0,4031.0,"445 7th St Oakland, CA 94607","445 7th St Oakland, CA 94607 (Image 1 and 2 were taken close together)","801 Broadway Oakland, CA 94607",,,https://drive.google.com/open?id=169dySz-Ki-y8VBg7NH8SLWTrYMojFiHu,"[37.8055865, -122.295912]",https://drive.google.com/open?id=10YF-e99qcggUxaHZ6dYFqMBU4qCo-B-7,"(37.8022742, -122.2755009)",https://drive.google.com/open?id=1IQDX61uVNiTsL1mSnS-sw_mFI3X3kWH9,"[37.800381, -122.273888]",,,,,0,1,"Bars and alcoholic beverage services, Eating places/restaurants"
0,0,4202.0,,,,,,https://drive.google.com/open?id=1PPHqCI0glQZvDifeNUHRxUoFhp7kNSvz,"(37.8944611, -122.2974624)",https://drive.google.com/open?id=1zzOonE7VotCYaTKaKbqu8W9MUkhRyo4f,"(37.8944611, -122.2974624)",https://drive.google.com/open?id=1EAPMCMl9Alr_XEXPs4GOnPlo9Sv4bi33,"(37.8944611, -122.2974624)",https://drive.google.com/open?id=117VW9JdlGMA3dUeqaYDSsKXxHllJVJY5,"(37.8944611, -122.2974624)",,,0,0,Post office
1,0,4028.0,unknown,unknown ,"1735 Telegraph Ave. Oakland, CA 94612","1807 Telegraph Ave. Oakland, CA94612","1720 Telegraph Ave Oakland, CA 94612",https://drive.google.com/open?id=1RtOKabSQ-TG3XK9-Swxd1wPvqb_pud_j,"[25.0387049, -77.2941536448326]",https://drive.google.com/open?id=1wwKiAgaJcJ3YYDDnmPXZwaHSJrbMBLBB,"[25.0387049, -77.2941536448326]",https://drive.google.com/open?id=1y4a2Oui8lV_XQYZxP7ktwhEpm6yfYY91,"[37.8071483572569, -122.270352740098]",https://drive.google.com/open?id=1wUrJVHoMWke8a6LnjGNEO91itV-Cjpag,"(37.8087183, -122.2715003)",https://drive.google.com/open?id=1S5h-jdgSqLF41ROEchgsudfT8L-VJmxA,"[37.8070490762133, -122.270165182373]",0,0,"Bars and alcoholic beverage services, Bodega deli corner-store convenience store, Eating places/restaurants"
0,0,4206.0,"1116 Ordway Street, Berkeley, CA, 94720","1201 Ordway Street, Berkeley, CA, 94720","1106 Ordway Street, Berkeley, CA, 94720","1115 Ordway Street, Berkeley, CA, 94720",,https://drive.google.com/open?id=1nXZ5szndwmOY0nko4DR3Hm4ogAT1V0dh,"[37.8828107546253, -122.286018322789]",https://drive.google.com/open?id=1oM-kBJghuIHjVIPp2xF4w6yA22zjGzDf,"[37.8823, -122.285993]",https://drive.google.com/open?id=1olCZTAUUYthsOOG6L-_PvmmfbFbkfkG6,"[37.8831908236322, -122.285883226416]",https://drive.google.com/open?id=1zs6XObJ8AJERi08rGphsip6MWyUtdH_a,"[37.8832855909071, -122.285625424398]",,,0,0,
0,0,4006.0,"579 Aileen St, Oakland, California, 94609.","573 Aileen St, Oakland, California, 94609. ","5636 Shattuck Ave, Oakland, CA, 94609.",,,https://drive.google.com/open?id=1ZM3g0majDQp9wbBHW6KsoUCrU3P27KNb,"[37.8419366779585, -122.264004569805]",https://drive.google.com/open?id=1wQTA84JsnaKCD2jNwgpDpm9dAT2c6YHb,"[37.8419188227282, -122.263839493148]",https://drive.google.com/open?id=1jttCb5WzXh7iSK5ghGTIlIsczda3xw7-,"[37.841844, -122.264586857143]",,,,,1,1,Liquor stores or Marijuana Dispensaries
1,0,4010.0,"Street Face of 45th Street at Intersection with Martin Luther King Jr. Way, Oakland, CA, 94609","4428 Martin Luther King Jr Way, Oakland, CA 94609","4428 Martin Luther King Jr Way, Oakland, CA 94609","648 44th St, Oakland, CA 94609","4401 Martin Luther King Jr Way, Oakland, CA 94609",https://drive.google.com/open?id=1CP2wwCu4-1Rs_APa40PM4a5y-MT809PS,"(37.831217, -122.2719625)",https://drive.google.com/open?id=1eKOQC0UKKnYzRWw4C4v7mYPoZtgGpIfm,"(37.831217, -122.2719625)",https://drive.google.com/open?id=1D0X3q2OB75OcQnqAqFQ9eJcPqjKrNBgD,"(37.831217, -122.2719625)",https://drive.google.com/open?id=1pyTpT4WpTY0XLEwdK6PERXmO4oigNm76,"[37.833086784396, -122.268385406347]",https://drive.google.com/open?id=1wTk4BpAaIUpWICzcNqCT6E3PpPBgofWd,"(37.831217, -122.2719625)",0,1,Liquor stores or Marijuana Dispensaries
0,0,4217.0," 1600 Shattuck Ave #112, Berkeley, CA 94709","The directory of the busine 1600 Shattuck Ave #106, Berkeley, CA 94709","1550 Shattuck Ave, Berkeley, CA 94709","2024 Cedar Street, Berkeley, CA 94709","2022 Cedar Street, Berkeley, CA 94709",https://drive.google.com/open?id=1jG8MvM16aC5nLMhVf8iYMHOV8i6NfK-F,"(37.8819398, -122.2701843)",https://drive.google.com/open?id=1Z8l4sft2VT1krQw-1uX4W28SFtVAdXcG,"(37.8819398, -122.2701843)",https://drive.google.com/open?id=1-lHqpqCiq58PiNNkoK0u-It2_2dfcG3D,"[37.8788525, -122.269976578391]",https://drive.google.com/open?id=1EKyG86kT1b3PMB1Pfhz902dtrAYob0t3,"[37.8781893, -122.2701935]",https://drive.google.com/open?id=167dUcyw6jCaTeok_azcvAiCYCg37-_s0,"[37.8781878, -122.2702135]",0,1,"Eating places/restaurants, Professional offices (doctor dentist lawyer accountant real estate), Supermarkets/grocery stores"
1,0,4205.0,"1064 Stannage Ave, Albany, CA, 94706 "," 1062 Kavins Ave, Albany, CA, 94706","1053 Stannage Ave, Albany, CA, 94706","1050 Kavins Ave, Albany, CA, 94706",,https://drive.google.com/open?id=1UEVRjIEwAHlMjBpMhMDmCjyJhbfZE7xn,"[37.8851501836735, -122.295585673469]",https://drive.google.com/open?id=1FsRfJk8zgklqo_raKSqSt4IB9S8gRVjo,"(37.8867059, -122.2950048)",https://drive.google.com/open?id=1bGqJan_gbeDxhFwQOEIQj1J-IG8xXLo1,"[37.8855068367347, -122.295483734694]",https://drive.google.com/open?id=1eqsVqT7gq1BmcsRE5Y5kxQpW_FQgdFfY,"(37.8867059, -122.2950048)",,,0,0,
0,0,4224.0,"1624 Milvia St, Berkeley, CA 94709",,,,,,"[37.8770947, -122.2715731]",,,,,,,,,0,0,
1,0,4212.0,"906 Contra Costa Ave, Berkeley, CA 94707","901 Contra Costa Ave, Berkeley,CA 94707","869-A Contra Costa Ave, Berkeley,CA 94707","865 Contra Costa Ave, Berkeley,CA 94707","848 Contra Costa Ave, Berkeley,CA 94707",https://drive.google.com/open?id=1i2BJTG_nSCmbgjJ9UqiW18wsRMg5qTyY,"[37.8914842147416, -122.276069275695]",https://drive.google.com/open?id=1EF2kyT5Be3fJ_Sk4fqpmxKJBJ_OTbG98,"[37.8916389, -122.2758068]",https://drive.google.com/open?id=1nnNqCPgENWEPUcQA0_X6VoSgp-zimVtL,"[37.8926016986437, -122.276311105022]",https://drive.google.com/open?id=1spFsIxwxv9A62xkJn6Jy2568L9FyfIYe,"[37.8927140102342, -122.276305174377]",https://drive.google.com/open?id=139IPCnyTAIrdUJdrg7ltL33R9LIJ9sFL,"[37.8931238634588, -122.276437990487]",0,0,
0,0,4235.0,"2623 Shattuck Ave. Berkeley, CA, 94704",Shattuck Ave. and Parker St.,"2625 Shattuck Ave. Berkeley, CA, 94704",,,https://drive.google.com/open?id=1jqRStmqD1nKUpL1e6TvLHyDzoca5BeJ_,"[37.8729527, -122.2684812]",https://drive.google.com/open?id=1NTS3arPo1A3BB-mkpgYlgxnAIJrgq73c,"[37.8619267, -122.267279]",https://drive.google.com/open?id=1j0zcUhkLVQLHo_nQ_8IqJgXHQ7H1wqma,"[37.8729527, -122.2684812]",,,,,0,1,"Auto repair/auto body shop, Community center"
0,0,4014.0,"888 Brockhurst St, Oakland, CA, 94608","890 Brockhurst St, Oakland, CA 94608","890 Brockhurst St, Oakland, CA 94608","the car next to the house, I guess it's abandoned",,https://drive.google.com/open?id=1rBvQ1k3BB66cOWf5acRJiQCCHaHhyVHx,"[37.8232340845566, -122.275339927151]",https://drive.google.com/open?id=1SdKpOFmtxRKOZwP4dtXIDMIsj18WnJQp,"[37.8232458676453, -122.27539074172]",https://drive.google.com/open?id=1Fhs2XqNmcJnnzsTmFLhrwa1-7fB07s8z,"[37.8232458676453, -122.27539074172]",https://drive.google.com/open?id=1HcSKG8YgypemipFSDFgoDhwv_SzphFu_,"(37.8207387, -122.2733758)",,,0,1,"Liquor stores or Marijuana Dispensaries, Schools or daycare centers, Supermarkets/grocery stores, Warehouses"
1,0,4214.0," 1989 El Dorado Ave, Berkeley, CA 94707","1995 El Dorado Ave, Berkeley, CA 94707","2001 Hopkins St, Berkeley, CA 94707","Sutter Street (tunnel) by 2003 Hopkins St, Berkeley, CA 94707","2001 Hopkins St, Berkeley, CA 94707",https://drive.google.com/open?id=1Zg24LYcKo_Oif1xw0vuHvronhD3EL9O3,"[37.88892685, -122.272938420673]",https://drive.google.com/open?id=1ZK8PvftVWt3f06Zd53KBzMSRXEowzBxa,"[37.8889048, -122.272717]",https://drive.google.com/open?id=126hywcXp7M8IKVwzl5FTboEgK7IlmVYB,"[37.8880229582047, -122.273002542938]",https://drive.google.com/open?id=1J6-HlkDxDCNfggcBDWDuCdvz_DAhBTQj,"(37.8883409, -122.270922)",https://drive.google.com/open?id=1Nwb4HhS0AOK7nnUlZzql0SfYyqyMIw48,"[37.8880229582047, -122.273002542938]",0,0,Professional offices (doctor dentist lawyer accountant real estate)
0,0,4239.01,,,,Home-made sign in a residentâ€™s window alerting neighbors of risk of animal kidnaps.,,https://drive.google.com/open?id=1m0Mw0aJqiaYcu1z4PTZZl9clxWPy0qNb,"(37.8523001, -122.2675177)",https://drive.google.com/open?id=1iCd36IBxWxBUtFSOsVxPoB07cjoWDZdY,"(37.8523001, -122.2675177)",https://drive.google.com/open?id=1oDNpbr4VdozS4VzaWngSW411g0On0c9_,"(37.8523001, -122.2675177)",https://drive.google.com/open?id=1kerYc1Sw4tYG7D53khEo7PcyLgq_B2n4,"(37.8523001, -122.2675177)",,,0,1,Auto repair/auto body shop
0,0,4213.0,"1850 Solano Ave, Berkeley, CA 94707","1830 Solano Ave, Berkeley, CA 94707","1825 Solano Ave, Berkeley, CA 94707","1820 Solano Ave A, Berkeley, CA 94707","1801 Solano Ave, Berkeley, CA 94707",https://drive.google.com/open?id=1zyuIk1DAjFQimgEfdR0kjRGCIwsfTFSY,"[37.8913003768633, -122.278671673717]",https://drive.google.com/open?id=1mAOmdvYmQcu_lNDNLH9MCrLtX9bp7kFw,"[37.8912830590818, -122.279032621103]",https://drive.google.com/open?id=1La5gdqQuBDC2g0Q6pcaq5rQ-5QK5qsOr,"[37.8914456137594, -122.27910524919]",https://drive.google.com/open?id=1S_L0Mw65DG6BdjIHmVYvUjBD5Pt9Dqxd,"[37.8912585, -122.279519]",https://drive.google.com/open?id=1pRenwnJOKgHEQTB5ysp9ICnxABBd4ad9,"[37.891406, -122.279754]",0,1,"Banks or credit unions, Eating places/restaurants, Gas station, Supermarkets/grocery stores"
1,1,4030.0,"1000 Broadway #160, Oakland, CA 94607","1000 Broadway, Oakland, CA 94607","1000 Broadway, Oakland, CA 94607","1000 Broadway, Oakland, CA 94607","901 Franklin St Ste 88, Oakland, CA 94607",https://drive.google.com/open?id=1WzazmrGzkCltozQkRcFsNfo_3-QmmQLT,"(37.8004265, -122.270732)",https://drive.google.com/open?id=1BWT7NyHu8FHGigQ909ISm0Ix8IF8jt13,"[37.8017983, -122.2724448]",https://drive.google.com/open?id=14kxN6FLQrMhqHYYTi1SRiib7HR6Yo8gE,"[37.8017983, -122.2724448]",https://drive.google.com/open?id=1g7F-HfK1Q2FYWo7f85O0QthcAyGLQggx,"[37.8017983, -122.2724448]",https://drive.google.com/open?id=1iXQhGj4TsPq0KPDxMIsrFn6c69hizp2x,"(37.8004265, -122.270732)",0,0,"Banks or credit unions, Community center, Eating places/restaurants, Schools or daycare centers"
1,0,4214.0,"1042 Oxford st Berkeley, CA  94707","2109 Los Angeles Ave Berkeley, CA  94707","2119 Los Angeles Ave Berkeley, CA  94707",,,https://drive.google.com/open?id=1cEFgaz46utSG-uFBaopTzhKRI1Fs93jh,"[37.8891169, -122.2679168]",https://drive.google.com/open?id=1g4YHp-ENTDyXPqTfG2ry710yiLFL61mv,"[37.8904308, -122.2747164]",https://drive.google.com/open?id=158_XjsLKaSSkodm1VYtxV_J9n518TpfC,"[37.8904308, -122.2747164]",,,,,0,0,
0,0,4014.0,"24th St & Martin Luther King Jr Way Oakland, CA 94612","24th St & Martin Luther King Jr Way Oakland, CA 94612","24th St & Martin Luther King Jr Way Oakland, CA 94612",,,https://drive.google.com/open?id=1JM_RRMHPo4GxlT6dCf2YP0dA3vaGWJvh,"(37.8207387, -122.2733758)",https://drive.google.com/open?id=1PbSDAZ0Qk_1honmnYtoJzYuBjO8LA-6F,"(37.8207387, -122.2733758)",https://drive.google.com/open?id=10GU1U1RyNnKuWL1BFs1vIfpcMPmeUSDL,"(37.8207387, -122.2733758)",,,,,0,1,"Auto repair/auto body shop, Manufacturing"
1,0,4010.0,"707 39th St, Oakland, CA 94609","717 39th St,Oakland, CA 94609","701 39th St, Oakland, CA 94609",,,https://drive.google.com/open?id=1-T9Dn0iFZoTlOtLgqc-5LoaAE0ybwwI9,"[37.829158835325, -122.270053085569]",https://drive.google.com/open?id=17KnrqgRTCNi5pDphTxvD8cZ0B-pAz9S0,"[37.8291768671266, -122.27016297244]",https://drive.google.com/open?id=1TB-nFmT9VgE1m6UuwQW6eTOFPTFkuG1D,"[37.829148016244, -122.269987153447]",,,,,0,1,Auto repair/auto body shop
1,0,4028.0,"604 20th St., Oakland, CA 94612","2003 Telegraph Ave., Oakland, CA 94612","2301 Telegraph Ave., Oakland, CA 94612","500 William St., Oakland, CA 94612",,https://drive.google.com/open?id=1tfa0hTRvqo2S57ybsFol77uLR2JR-Lck,"[37.8101072144315, -122.272260790306]",https://drive.google.com/open?id=1tYUL1dYasCPd4OoP57m_lFOQc0-YRvsp,"[37.8097556600973, -122.269722804523]",https://drive.google.com/open?id=1mDkNG4X7udXqKUe2R3AECX__EGUJMXAt,"[37.81276, -122.268974]",https://drive.google.com/open?id=1kCskzGBU0w9dR5blGQYL77i2QPa2_vpL,"[37.809083, -122.269945]",,,1,1,Professional offices (doctor dentist lawyer accountant real estate)
0,0,4217.0,"1536 Oxford Street, Berkeley, CA, 94709.","1526 Oxford Street, Berkeley, CA, 94709.","1501 Walnut Street, Berkeley, CA, 94708.","1511 Walnut Street, Berkeley, CA, 94709.","1527 Walnut Street, Berkeley, CA, 94709.",https://drive.google.com/open?id=1PLqZzbo9X22-Q9H3XevqEm9liGnGmC9F,"[37.8797720681045, -122.267100929001]",https://drive.google.com/open?id=1pAaz6N-VcQPAs_z1qadnecHPzFFJgAAK,"[37.8795326, -122.2671516]",https://drive.google.com/open?id=1hWkV7_25xoXGvgXLySSaOKJe0YIcJ3di,"[37.8801531, -122.267834688903]",https://drive.google.com/open?id=18ndJY5Qh7qrYx0CBQuToTyTapiYW-sL8,"[37.8800475889316, -122.268080621571]",https://drive.google.com/open?id=1qMseZKmsIhbZbggJNSurrTYAM2dSdYYv,"[37.8797940540091, -122.268053533479]",0,1,
0,0,4224.0,"1912 Francisco St. Unit B, Berkeley, CA 93704","1910 Francisco St. Unit B, Berkeley, CA 93704","1915 Francisco St. Unit B, Berkeley, CA 93704",,,https://drive.google.com/open?id=1SZkny7SJgNDbHf4rnn37rAsQDtdzEfC-,"(37.8752396, -122.2695878)",https://drive.google.com/open?id=1G0pC9YEWz0evjFhhpKWTdPSCiduRwHM8,"(37.8752396, -122.2695878)",https://drive.google.com/open?id=1cZ7gLS76Fd1e-9MakALpBLEM996LODoH,"(37.8752396, -122.2695878)",,,,,0,0,
0,0,4229.0,"2180 Milvia St, Berkeley, CA 94704","1980 Allston Way, Berkeley, CA 94704","2001 Bancroft Way, Berkeley, CA 94704","1980 Allston Way, Berkeley, CA 94704","1980 Allston Way, Berkeley, CA 94704",https://drive.google.com/open?id=1LAfZPaTYqpQkh84WPBZeeJLkFdlhPOLy,"[37.8694472, -122.270795144079]",https://drive.google.com/open?id=11eyXNL6SHDMHE9swnlvmXNmxNVn9G57F,"[37.8689254380936, -122.270983757155]",https://drive.google.com/open?id=19-poGjfy8WrzJ3UYrn-5EXCt6sxkjDiH,"[37.867462, -122.27004]",https://drive.google.com/open?id=1p5TZnxcLU0f0FIqOquoEI08TPRoqThPD,"[37.8689254380936, -122.270983757155]",https://drive.google.com/open?id=10JPfMsycXsn_4khByVirWjI8p_UeYg5j,"[37.8689254380936, -122.270983757155]",0,0,"Community center, Parks, Post office, Professional offices (doctor dentist lawyer accountant real estate), Schools or daycare centers"
0,0,4212.0,"Indian Rock Avenue, Berkeley, CA","Thousand Oaks Berkeley, CA","Marin Avenue Berkeley, CA",,,https://drive.google.com/open?id=1fw-BB4084p0nqE0i8um01yjbsEXmXEWx,"[37.8935029, -122.272481]",https://drive.google.com/open?id=18NMXiIZs1AvC5hFa-ieUyz7cWDd_7Jdz,"[37.8953226, -122.2814103]",https://drive.google.com/open?id=1ULz_alAzMuBjzY_55nFl94-6uFoS1n1y,"[37.8891892, -122.2750742]",,,,,0,0,"Fire station, Gas station, Parks, Playgrounds"
0,0,4239.01,"3004 Wheeler Street, Berkeley, CA, 94705","3001 Fulton Street, Berkeley, CA, 94705","3021 Wheeler Street, Berkeley, CA, 94705",,,https://drive.google.com/open?id=1QRya5GkWB5YW7yPv7v3Hea96K6cbq1v1,"[37.8552840477303, -122.264640957635]",https://drive.google.com/open?id=18781akJPf2IxoEI--dCuIhTokB48ayXQ,"[37.85554, -122.26338]",https://drive.google.com/open?id=1USf7u8UPD768ArnV4s7IIHLU-MRjAbBV,"[37.8546447786376, -122.264323100601]",,,,,0,0,
1,0,4031.0,Clay Street,"740 Clay Street, Oakland CA",730 Clay Street,740-50 Clay Street area ??,,https://drive.google.com/open?id=1-_5b96lktDSF9UFamgX7ytuINian9KwV,"[40.61257125, -122.384699241587]",https://drive.google.com/open?id=1AptLjH49dcvpqvSt3nA_Z-tMCgz1sibC,"[37.8007233701069, -122.276357847093]",https://drive.google.com/open?id=1vy9R2qC0QCHnvL8-ouIN7FhR3pdtp01t,"[31.6054193, -85.0496448]",https://drive.google.com/open?id=1WFsE9I2VOE2TtVxhAlmcRuD7ELhHrDC4,"[38.442417, -78.849657]",,,1,1,"Eating places/restaurants, Liquor stores or Marijuana Dispensaries"
0,0,4214.0,,,,,,,,,,,,,,,,0,0,
1,0,4235.0,"2609 Shattuck Ave Berkeley, CA 94704","2619 Shattuck Ave, Berkeley, CA 94704","3223, 2600 Shattuck Ave, Berkeley, CA 94704",,,https://drive.google.com/open?id=1MMV75s0EFTOwTkJ4PMq_D8bdWlC4SYXh,,https://drive.google.com/open?id=1Cmy3dy5BodALT0kVUMazWuKthrJxt41t,,https://drive.google.com/open?id=1NwWN1A1W8vysVV_WRBVzsmTu6FT9pP0L,,,,,,0,1,"Auto repair/auto body shop, Eating places/restaurants, Manufacturing"
1,0,4014.0," 890 Brockhurst St, Oakland, CA 94608"," 861 Brockhurst St, Oakland, CA 94608"," 861 Brockhurst St, Oakland, CA 94608","872 Brockhurst St, Oakland, CA 94608","800-898 Brockhurst St Oakland, CA 94608",https://drive.google.com/open?id=1TO0knZswjDaSmoKYcaRMW14ogjlUbKAy,,https://drive.google.com/open?id=1qRKchWUDer9VjMcWAHd_zc3YWC4K5MMy,,https://drive.google.com/open?id=18SQ-WnW9Kyl8uxqcrP9PHLKaVcVOqt-o,,https://drive.google.com/open?id=1ODd9EILK889c2Gzbf1NXDWzdqQif9BGx,,https://drive.google.com/open?id=1VEMyJTsu6yqnwPJEE7W7YtiW9lJqCaqO,,0,0,"Playgrounds, Schools or daycare centers"
1,0,4205.0,"920 Talbot Ave, Albany, CA, 94706","953 Talbot Ave, Albany, CA, 94706","974 Talbot Ave, Albany CA, 94706",,,https://drive.google.com/open?id=1pWJKCPCQFKHLB6cklQOqYfj3DqHtEtRM,,https://drive.google.com/open?id=181qu2lcG66sXWO_kXe_xs5CdR79IgM_O,,https://drive.google.com/open?id=1_Jf5p-ngIVtLCw5sWsYNirN0y2_fVQFs,,,,,,0,0,"Community center, Eating places/restaurants, Professional offices (doctor dentist lawyer accountant real estate), Schools or daycare centers"
0,0,4033.0,"79 10th Street, Oakland, CA 94607","59 10th Street, Oakland, CA 94607","1000 Oak St, Oakland, CA 94607","900 Fallon St, Oakland, CA 94607"," 1000 Oak St, Oakland, CA 94607",https://drive.google.com/open?id=1XWkFxImmI1bUdqorDuXNarkkXmT_7GoG,,https://drive.google.com/open?id=1Z2EleLamhsVJpfNo3jR8FLBrvOaAcNGK,,https://drive.google.com/open?id=1PBFOsBxzdZ99MnYf0ogO_UwkNOJKpWbh,,https://drive.google.com/open?id=1SDwiaaZ9i_o161Z_2eTTbEN2wuyRCAoA,,https://drive.google.com/open?id=1FmqVmOJgEyONKorBwmy2oKeivu0CyMt1,,0,1,"Community center, Schools or daycare centers"
